Cosmo
3 Tiere im
Ab durch den
Abends, während
Abenteuer im All
Abenteuer im Weltall
abenteuerliche Beetle stürmte
Abenteuer plenip el
Abenteurer von der
Aber ein seltsames
Aber sie wollte
Abgerissenen Kometen
Abgestürzte Raketenwagen
Ach
Ach, Mama
Acht Hubbub hat
ACh was wenn
Achzent creature halbspezielle
Ähnet mit dem
Alexis trannten
Alieneierblauen Rot Craters
Alienfußabdruck entdecken
Alienschiffe berühren ihn
Aliens im Kirchenschiff
Äliumster SIENG
Alle downloaden abends
Allein auf dem
Allein im Weltraum
Allein unter den
Alles
Alle Warteten gespannt
Alliierten für erstaunliche
Alpha-fiebert
Als Ali gestummelt
Als auf dem
Als blijke ich
Als das
Als das kleine
Als das Raumschiff
Als das Ufo
Als das Unbekannte
Als der
Als der Comet
Als der kleine
Als der Komet
Als der Meteor
Als der Mond
Als der Planet
Als der Rabe
Als der Riese
Als der Roboter
Als der Rosarote
Als der Weltenspringer
Als der Weltraum
Als die
Als die Alien
Als die Außerirdischen
Als die Flüsterns
Als die Galaxien
Als die Meteoriten
Als die Milchstraße
Als die Monde
Als die Rakete
Als die Raummaus
Als die Sonne
Als die Sterne
Als die Sternenmäuse
Als die Sternenstaub
Als die Supernova
Als ich den
Als Leuchtendes Sterne
Als Riffy die
Als Robi
Als Sterne funkelten
Als Sternenstaub aufflammt
Als Sternenstern funkelte
Als Sternstaub,
Als wir am
Alte Legenden erzählen
Alte Maschinen brummen
Amar supernat baggert
Am Aussichtsfenster hin
Amazing Tore drehten
Amazonen. Das
Amazonen-Juwelier
Am besten Die
Am Cosmo Vatoo
Am dramatis
Am Ende des
Am energiereichen Stern
Am Fenster vom
Am fernen Jupitermond
Am geborgen aus
Am Himmel wurde
Am Horizont
Am Horizont erscheint
Am letzten des
Am Morgen so
Am Mysteriösen See
Am Netz endender
Am Orangefleck worldraumschiff
Am Rand der
Am Rand des
Am Rande
Am Rande der
Am Rande des
Am Rande werde
Am Sternenregengeste
Am Steuer des
Am zenten sonjer
An Bord auftauchten
An Bord der
An Bord des
An Bord eines
An Bord schien
An dem
An den Grenzen
Andere Galaxien erwarten
An der Grenze
An diesem Abend
An einem düsteren
An einemendarmeriejuwelen,
An einem frühen
An einem neuen
An einem Planetenrand
An einem Sternentage
An etwas abende
Anfangs bauten wir
Anfing einer fraktionellen
Angestarrt die Sternenkopz
Angst vor den
Angst vor der
Anne malte ein
Anomalien, die
Anscheinend war dieser
An sicheren Kreationen
Ansonsten
Antike Schätze liegen
Antipodenuberwachts meine Sperreop
Anzu Blicken drei
Äonen später
Apfelrote Flammen brennen
Arcade saved her
A small tore
Asteroiden wisperte
Asteroid folgt Geheimnis
Astroegoleiter Mantel
Astronautenmützen piepsen
AstronautGeorgs Abenteuer
Astronaut und Roboter
asymptomatic Raum passenger
Atemlos durch den
Atemlos fieberten die
Atemlos strömt nebliger
Atme nicht Raummensch
Atombäume erklimmen zur
Auch viel später
Auch wenn er
Auch Zwei alte
Auf berseituzSpiel raumschweine
Auf dem
Auf dem 7
Auf dem abstrakten
Auf dem anderen
Auf dem Asteroid
Auf dem Asteroiden
Auf dem blauen
Auf dem Combaso
Auf dem Dächer
Auf dem dunklen
Auf dem Eisplaneten
Auf dem Erden
Auf dem Farbplaneten
Auf dem Felsen
Auf dem ferne
Auf dem fernen
Auf dem fliegenden
Auf dem fremden
Auf dem Galaktischen
Auf dem geheimen
Auf dem geheimnisvollen
Auf dem Geräusch
Auf dem Götter
Auf dem großen
Auf dem grünen
Auf dem grüner
Auf dem himmlischen
Auf dem höchsten
Auf dem kleinen
Auf dem kometen
Auf dem Krater
Auf dem luftigen
Auf dem Mars
Auf dem Marsgras
Auf dem marsgrünen
Auf dem marsianischen
Auf dem Marsmann
Auf dem Meteoriten
auf dem Mond
Auf dem mond
Auf dem Mond
Auf dem Monde
Auf dem Monden
Auf dem Mondhügel
Auf dem Mondkーストern
Auf dem Mondlord
Auf dem Mondrotten
Auf dem Mondschiff
Auf dem Mondspielplatz
Auf dem Mondstein
Auf dem Möwenschiffenplaneten
Auf dem mystischen
Auf dem pelzigen
Auf dem Planet
Auf dem Planeten
Auf dem Planetensand
Auf dem Planetoid
Auf dem planten1614
Auf dem pulsierenden
Auf dem rasenden
Auf dem Raum
Auf dem Raumschiff
Auf dem Riesenstern
Auf dem riesigen
Auf dem roten
Auf dem schillernden
Auf dem schwimmenden
Auf dem sehr
Auf dem shaping
Auf dem silbernen
Auf dem Silizium
Auf dem SSS12
Auf dem Stern
Auf dem Sternenhund
Auf dem Sternenplaneten
Auf dem Sternenwagen
Auf dem Sternenweg
Auf dem unbekannten
Auf dem unendlichen
Auf dem verzauberten
Auf dem weichen
Auf dem Weltraumrad
Auf dem wohlnebeligen
Auf dem zerklüfteten
Auf dem Zwischenstern
Auf den Asteroiden
Auf den Meteoriten
Auf den Mond
Auf den Planeten
Auf den Weltraum
Auf den Wogen
Auf der
Auf der absoluten
Auf der astronautischen
Auf der dunklen
Auf der Erde
Auf der fernen
Auf der feurigen
Auf der Galaxien
Auf der hinteren
Auf der leuchtenden
Auf der Marskolonie
Auf der Mondrutsche
Auf der Mondstation
Auf der Oberfläche
Auf der Pluto
Auf der Rakete
Auf der Raketenschaukel
Auf der Raumstation
Auf der schimmernden
Auf der Staubfläche
Auf der Sternenkarte
Auf der Venus
Auf der versteckten
Auf der Weltrauminsel
Auf, des
Auf des alten
Auf des Mondes
Auf die Welt
Auf dunkler Blackholeplan
Auf einem
Auf einem anderen
Auf einem Asteroiden
Auf einem Dschungelplanet
Auf einem entfernten
Auf einem fernen
Auf einem fliegenden
Auf einem fremden
Auf einem geheimnisvollen
Auf einem grünen
Auf einem Himmelsplan
Auf einem hohlen
Auf einem jungen
Auf einem kleinen
Auf einem Kometen
Auf einem kometenhaften
Auf einem malvenfarbenen
Auf einem Meteor
Auf einem namenlosen
Auf einem nebelreinen
Auf einem Planeten
Auf einem Prinzessinnen
Auf einem Stern
Auf einem sterne
Auf einem toten
Auf einem unbekannten
Auf einem Weltraumfahrer
Auf einem zuckersüßen
Auf einer
Auf einer fernen
Auf einer geheimnisvollen
Auf einer Mission
Auf einer orange
Auf einer Sterneninsel
Auf einmal
Auf einmal blinkte
Auf einmal flog
Auf einmal klopfte
Auf einmal leuchtete
Auf einmal schwebten
Auf einmal verschwand
Auf einmal von
Auf einmal wusste
Auf einstegtstem Plateau
Auf flüsternden Meteoriten
Auf fremdem Planes
Auf fremdem Planeten
Auf fremden Asteroiden
Auf fremden Planeten
Auf fremden Welten
Auf geheimnisvollem
Auf geheimnisvollem Mond
Auf geheimnisvollen Planeten
Aufgeweckt wurde
Auf gezacktem Mond
Auf hellem Stern
Auf hinderlich Kapituliert
Auf ihrer Reise
Auf Jupiter leben
Auf leisen Sohlen
Auf leuchtende Wüste
Auf Mars zukamen
Auf Mondstreif Die
Auf Mond Wanderer
Auf mysteriösen Wegen
Auf nächtlichen Planeten
Auf neugierigem Planeten
Auf Planet,
Auf Planeten die
Auf Planeten Sternen
Auf Planeten verborgen
Auf Raketen-
Auf Rapid-
Aufregende Abenteuer warten
Aufregende Spiel in
Auf Regulius sie
Aufregung in der
Auf Ribbelen,
Aufschlag einer bunten
Auf seinem Planeten
Auf seinem Raumschiff
Auf Seiner Mexiko
Auf sonderbaren Schwingen
Auf sphärischem Planet
Auf sternenbedecktem Festmahl
Auf Sternengeleucht
Auf strahlenden Sternen
Auf Tahra könnte
Auf trüben Mondstrahlen
Auf unberechenbaren Pfaden
Auf unerwartetem Flug
Auf unerwarteten silbernen
Auf unserer Sternenbootsreise
Auf unvorsichtigen Plätzen
Auf verloren Sternenteppich
Auf Warmasks roten
Auf weit entfernten
Aufzüge durch Sternenwind
Aufzuladende Fixsterne
Auf zweiteleskopischen Etwask
Augenblicke später
Aurora tanzt knisternd
Aus dem
Aus dem Äther
Aus dem Gartenschuppen
Aus dem interstellaren
Aus dem Kanonenrohr
Aus dem Nebel
Aus dem Nichts
Aus dem Nirgendwo
Aus dem Portal
Aus dem Rauenschreck
aus dem Weltraum
Aus dem Weltraum
Aus der Erde
Aus der verschlossenen
Aus einem Raumanzug
Aus einer Mitternächtlichen
Auserwählter Gondan konnte
Aushälf_ASSERTAFE Ernt.
Aus Plötzlich fluitoiod
Außen bereit fernen
Außen im
Außerallerorts über dem
Außer dem
Außerhalb des fliegenden
Außerhalb des milchigen
Außerhalb des Planeten
Außerhalb des Raumschiffs
Außerirdische Freunde
Außerirdische Freunde erlebten
Außerirdische Lebewesen eher
Außerirdische leuchteten im
Außerirdische Lichtkunde
Außerirdischen abhanden
Außerirdischen Insect-
Außerirdischen lebten auf
Außerirdische Roboter ertappen
Außerirdischer Seifenschaum vereinte
Außerirdische schliefen unsichtbar
Außerirdisches Lachen hallten
Außerirdische Spielzeuge
Außerirdische Sternenkind
Außerirdische Stimmen flüsterten
Außerirdische Technologie
Außerirdische Wilma hob
Außerirdische Wolken schwebten
Außern allgemeinen Kristalles
Außerordentliche Sternschnuppe kam
Aus Zufall dann
Automatische Sternschnuppenfeinheiten
Badeschlaufe verschwand sofort
Bald ein neuer
bananenravers
Barfüßiger Mon
Baue Deine dunkle
Baufahrzeug am Schwarzen
Baumgartentäste
Beatboxer auf der
Bedürnisse
Beeinflusst die Weisen
Begegnet einem Drachenkind
Bei blauen Sternen
Bei den Planetenhunden
Bei den schwebenden
Bei der Neuinstallationen
Beim Betrachten der
Beim Betreten des
Beim ersten Leuchten
Beim ersten Licht
Beim Flirt mit
Beim Start sie
Bei schimmernden Gräsern
Bereit für
Bereits in jungen
Besondere Navigator Rakete
Besondere Sterne erklingen
Besser als ein
Bester Anzug
Besuch noch Komet
Besucht man solch
Betrachtet mal
Between galaxies
Bevor die Sonnen
Beware on Mars
Bezaubernder neue Tor
Bezaubernd leuchtete
Bilderbuch flimmerte
Birnen staunen
Bis durchgeführt Zeitmaschinen
Bis über
Bitte Fluggespenst bleib
Blaue Bonbons formen
Blaue Milchstrasse.
Blaue Nebel rauschen
Blauen Raum mit
Blaue Planeten den
Blauer Nebel funkelte
Blauer Räuber sucht
Blaue Schwester
Blaues Licht glitzt
Blaues Licht schimmert
Blaues Licht schimmerte
Blaues Licht strahlt
Blaues Monde.
Blaues Sternen
Blaues Sternenfunkeln
Blaue Sternenstaub und
Blau fliegende Wolkenkrabben
Blau funkelt bevor
Blau funkelt Sterne
Blau glitzernde Galaxy
Blaugrüne Aliens sprangen
Blauklinge in der
Blau leuchtendes Raumschiff
Blau leuchtet der
Bläulich funkelnd der
Blau und purpurne
Blau wie das
Bleib sauber,
Blendende Planeten strahlten
Blinker ova breviness
Blinking far away
Blinz meltet Gras
Blitzartig im Weltraum
BlitzartigProdhozji
Blitzartig tauchte ein
Blitzblau startete
Blitzeifen fegten schnell
Blitze im Weltraum
Blitzende Raumschiffe flogen
Blitze tanzen unter
Blitze werden fliegend
Blitzgleiche Rakete
Blitzschneller durch den
Blitzschnell losgerannt
Blow moon dust
Blubbernde farbig möbel
Blubbernde Gase funkelten
Blume brütet Planeten
Blumen blühnte auf
Blüten und Meteoriten
Blutrot flatterten die
Boliden stahlen noch
Bottle floats stars
Bremen bebt vor
Brillierte Stern
Brrr ja es
Buchstaben der Sterne
Bunte Farbeplauge
Bunte Planeten flogen
Bunte Planeten schwammen
Bunte Planeten wirbelten
Bunter Planet fast
Bunte Sterne funkelten
Bunte Sternenschiffe glitzerten
Bunte Wrümmer flüstern
Bursting für die
Bਨoah im Sternenschein
Captain Finnes konnte
Cat crouched
Chronifizierte Sternschnuppen
Chronist fliegen
Chronos, die
C.jsdelivr
Cola-Pferd
Comichilfe ist gebraucht
Computereträge sindungen in
Cosmic Katzen Zug
Craft the incoming
Curious Starlight puppy
Cyborgmädchen flog zum
Dafür
Da hat,
Dance with supernovas
danger waits silently
Dankbar für das
Dann erschien zugig
Darin eiteler Sturm
Das Affenbrote stiebte
Das Alien schloss
Das alte Raumschiff
Das ferne Signal
Das fliegende Raumschiff
Das Forschungsstation Weltraumspionage
Das Geheimnis der
Das Geheimnis des
Das geheimnisvolle Schwanken
Das Geheimnis von
Das gelbe Sandkorn
Das Geräusch der
Das Herzen der
Das Hirtenhund bellt
Das kleine Raumschiff
Das Kosmosmädchen fluchte
Das Krachen am
Das Licht schimmerte
Das metgas der
Das Moskito von
Das Mysteriöse Schwarzes
Das Nomaden Kind
Das Raumboot wackelt
Das Raumfahrzeug -
Das Raumschiff flog
Das Raumschiff Jahre
Das Raumschiff knirschte
Das Raumschiff summte
Das Raumschiff verlor
Das Raumschiff wachte
Das Schiff zerstiebelte
Das schwarze Kind
Das schwarze Laverne
Das schwarze Loch
Das schwindelerregende Universum
Das Sternenkind fragte
Das Sternenmädchen
Das Sternenschiff war
Das Teleskop zeigte
Das Ufo stieß
Das Universum erzählte
Das Weltall schläft
Das Weltraumschaf flüsterte
Das Zeitalter der
Deep im All
Deeply unter fremden
Deep space
Den ganzen Donnerstag
Den Löwenatut hatte
Den Mut zum
Der abstrakte Außerirdische
Der Alien-
Der alte Mann
Der Andere Aufgabe
Der Asteroid
Der Asteroide schwirte
Der Asteroid vibrierte
Der außerirdische Freund
Der Außerirdische wünschte
Der Blicke greift
Der Dritter Planet
Der Felsennussbank knarrte
Der fliegende Asteroid
Der fremde
Der fremde Planet
Der funkelnde Planet
Der Gecko vertilgte
Der geheimnisvolle Asteroid
Der grüne Erste
Der helle Stern
Der Himmelswächter hatte
Der intelligenzliche Ruckel
Der intergalaktische
Der kleine
Der kleine.
Der kleine Astronaut
Der kleine Maschinenmensch
Der kleine Mondstein
Der kleine Planet
Der kleine Rabe
Der kleine Robot
Der kleine Roboter
Der kleine Stern
Der kleine Sternenblick
Der Komet knackte
Der kosmische
Der Kosmonaut fiept
Der Kosmos schlief
Der kuriose
Der Lamu saß
Der letzte Roboter
Der leuchtende Roamen
Der lustige Außerirdische
Der magische Sprungkraft
Der Mars zeigt
Der Metallederein Wasserstrahltreter
Der Mond erzählte
Der Mond ist
Der Mondkrakel kündigt
Der Mondkuchen fiel
Der Mond schrie
Der Mondstrahl erweckt
Der Mondstrahl kitzelte
Der Mon Ophios
Der mutige Weltraumpilot
Der mysteriöse Stern
Der nächste Planet
Der Ort mit
Der Planet hoffte
Der Planet namens
Der Raumanzug war
Der Raumraumwurzelhase
Der Raumschiffwärter drückte
Der Riese explodierte
Der Riesenplanet gleitete
Der Roboter im
Der Rüssel des
Der saphirblauen Sphären
Der Schnüffelhund durch
Der seltsame
Der silbrige Meteor
Der singt mein
Der Sternenstaub blieb
Der Sternenstaub glitzerte
Der Sternenstaub tanzte
Der Stern heiß
Der Stern unsicher
Der wackelige UFO
Der Weltraum Kuchen
Der winzige Planet
Des Captain direkt
designs kann niemand
dessen Weg voll
Diagnostische Jungs Bordcomputer
Dicht an der
Dickkopf Sternchen겼다 первом
Die Abenteurer der
Die Alienaugen glänzten
Die Alienschimmelzeichnern des
Die Aliens fanden
Die Aliens tanzten
Die alte
Die Astronauten schauten
Die Astronautten Walter
Die Außerirdische hob
Die Außerirdischen flüstern
Die Außerirdischen staunten
Die bettellen Mell
Die Bewohner des
Die blauen Welle
Die böse Erde
Die Drachenbande blicktet
Die endlosen
Die erste Melodie
Die erste Sternen
Die_explodierende Galaxie
Die ferne Galaxie
Die fernen Zivilis
Die Figur am
Die fliegende Schule
Die fliehendende Planeten
Die fremden Fußspuren
Die funkelnden Raketen
Die Füße eines
Die Galaktischen Schmetterlingsflügel
Die Galaxie
Die Galaxie Ark
Die Galaxie kennt
Die gefährdenden Leuchtspur
Die gegen privates
Die geheimnisvolle Aliene
Die geheimnisvolle Alienwiese
Die geheimnisvolle Insel
Die geheimnisvolle Nebelwand
Die gelogene Reisteballaufgabe
Die gläsernen Zwischenräume
Die großen Galaxien
Die grüne Außerirdische
Die grüne Sonne
Die grüne Sternenglied
Die Grüne Tepper
Die grunzenden Drachensonne
Die Helden Ritter
Die Heldin durch
Die hellen Sternen
Die Hexe schwebte
Die Himmelsgötter hatten
Die Katze Anna
Die Kinder entdeckten
Die kleine
Die kleine Ali
Die kleine Astronautin
Die kleine Elfe
Die kleine Fee
Die kleine Planetensammlung
Die kleine Rakete
Die kleine Sonne
Die kleine Stern
Die kleine Sternenschiffe
Die kleine Sternschnuppe
Die Klinge steckt
Die knallbunte Wunderrakete
Die Kometenschleppe funkelte
Die kosmische Flocke
Die Kosmo-
Die kostbare Sternfeder
dielectricre Racezeugin
Die letzten Geräusche
Die letzte Rakete
Die Leuchtkäfer weit
Die Lichtgeschwindigkeit
Die Lunarische Flotte
Die Mars bulgur
Die Marsmondtiger
Die messingene Raumfrau
Die Milchstraße erwachte
Die Milchstraßen-
Die Mission der
Die Mondkonstruktion der
Die mysteriöse Düne
Die naschaftige Marsmond
Die Nebelglut kauern
Die neugierigen Raumforscher
Die neun Monde
Die Planetenbande spielte
Die Planeten plauderten
Die Planeten tanzten
Die Polarlichter tanzen
Die pupseb reakierte
Die Quelle der
Die Rakete
Die Rakete brummelte
Die Rakete fiel
Die Rakete flog
Die Rakete glänzte
Die Rakete kennt
Die Raketenfahrer
Die Rakete rasend
Die Rakete schoss
Die Rakete schwebte
Die Rakete singt
Die Rakete sprang
Die Rakete startete
Die Rakete summte
Die Rakete zerbrach
Die Ränder der
Die Raumkrabbe flüstert
Die Raummaus sprang
Die Raumpiraten lauern
Die Raumschiffe flüsterten
Die Raumstation hüpft
Die Raumstation Olivier
Die Reise ins
Die Ringe des
Die Roboterkämpfer erfanden
Die Roboterkinderrerfahren
Die Röhre glich
Die rosafarbene Sternentönig
Die roten
Die rote Sonne
Die Rübe bäumt
Die Sache begann
Die Samsara Toilette
Die Sauriersonne fiel
Die Schiffsmatratze flüstert
Die schöne Haube
Die schönste der
Diese geniale Waffe
Diese Nacht zog
Dieser Abend gurgelte
Dieses mal waren
Die Sonne lachte
Die Sonne murmelte
Die Sonne nie
Die sterile Mondlandschaft
Die Sternchen lachen
Die Sterne
Die Sterne flüstern
Die Sterne flüsterten
Die Sterne funkelten
Die Sternen,
Die Sternenbande vereinenden
Die Sternenblume strahlte
Die Sternendrachen schwebten
Die Sternenfee winkte
Die Sternenjäger flogen
Die Sternenohren sind
Die Sternensackhöhle glitzert
Die Sternenschnecke erdachte
Die Sternentänzer tschatteten
Die Sternentreppe
Die Sterne sangen
Die Sterne spürten
Die Sterne zeigen
Die sterngegen tickende
Die Stern im
Die Sternjkite pustete
Die Sternschnuppen streuten
Die Sternschnuppen tanzten
Die Sternschnuppe sprudelte
Die Sternzelte leuchten
Die Tänzersternerzählen ihre
Die tapfere Astronautin
Die Tierchen in
Die Tintenfisch-
Die Ufos postierten
Die Umbra glüht
Die unverdienten
Die verschlafen wie
Die vier Sternlinge
Die  Weltenwandler Tanzten
Die Welt im
Die Weltraumkatze musste
Die Weltraummonsterflotte fuhr
Die Weltraumschwäne
Die winzigen Meteoriten
Die Wunderkugel zieht
Die Zeitmaschine meldet
Die Zeitmaschine vibrierte
Dinosaurier im Weltraum
Direkt unter dem
Doch blubbernde Eier
Doch geschminkt im
Doch immer langsam
Doch im Mondlicht
Doch kein Mondlicht
Donnernd kroch das
donors sowie Planet
Dorado drugih Dimensionsen
Dort bei den
Dort dunklen Planeten
Dort im Nebel
Dort lebte ein
Dort lebten die
Dort tauchte ungeahnte
Dort war ein
Dort weit im
Dort wo
Dort wo die
Dort wo grüne
Dort zwischen Sternenstaub
Drachenbaby im Weltraum
Drachen, Curub
Drachenfische entschieden
Drachenfische im Kosmos
Drachen fliegen
Drachenfliegen im
Drachenflügel auf der
Drachen sein Tier
Drache und Raumsonde
Drauf zwischen Hans
Draußen am
Draußen auf dem
Draussen auf Räumen
Draußen ausgewurstelt,
Draußen blinkten riesigen
Draußen im All
Draußen im Alles
Draußen im endlosen
Draußen im schwebenden
Draußen im unendlichen
Draußen im Unendlichen
Draußen im Weltraum
Draußen in
Draußen schwebte ein
Draußen spielten die
Draußen von dem
Draußen vor dem
Draußen, wo
Dreh dich auf
Dreh nicht um
Drei astronauten
Drei Blei Ohrringe
Drei_CO_Ws de la
Drei flinke Boten
Drei Freunde starten
Drei kleine Aliens
Drei kleine Asteroiden
Drei kleine Astronauten
Drei kleine Außerirdische
Drei kleine Drachen
Drei kleine Meteoriten
Drei kleine Monde
Drei kleine Planeten
Drei kleine Rakete
Drei kleine Sternchen
Drei kleine Sternenschiffe
Drei kleine Sternschnuppen
Drei Mal Bla
Dreimal schrie die
Drei Monde schimmerten
Drei nimmensitige Piraten
Drei riesige Drachen
Drei sonderbare Sterne
Drei Sterne flüsterten
Drei Sternenpunkte sprangen
drei Sternenschiffe flogen
Drei Sterne saßen
Drei ungewöhnliche Planeten
Drinnen im Raumanzug
Drinnen    kambis Drin
Drittags glühte
Dröhnte der Raumkäfer
Dr. Selenas
Drüben im schwarzen
Drüben lag die
Du fliegst von
Dumpf im dunklen
Dunkel am Himmel
Dunkelheit hin zur
Dunkle Créatures erobern
Dunkle Hologramme tauchen
Dunkler Flügiennes knabbdra
Dunklese das kommt
Dunkle Sonnen flüstern
Dunkles Weltraumschweigen brach
Dunkle Wolken schließen
Durante delle stelle
Durch allyren Dünen
Durch das
Durch das All
Durch das endlose
Durch das funkelnde
Durch das Geisterportal
Durch das lackierte
Durch das Photon
Durch das Portal
Durch das Raumloch
Durch das riesige
Durch das schwarze
Durch das Schwarze
Durch das Schwerefeld
Durch das sternenfunkelnde
Durch das Sternentor
Durch das Universum
Durch das Unsernisieren
Durch das weiche
Durch das weit
Durch das Weltall
Durch das Weltraumfenster
Durch das Wurmloch
Durch den
Durch den Asteroidengarten
Durch den Augen
Durch den endlosen
Durch den geschmierten
Durch den Hyperraum
Durch den intergalaktischen
Durch den Kometenschweif
Durch den Kosmos
Durch den Milchstraßen
Durch den Nebel
Durch den Schwarzen
Durch den Sternen
Durch den UFO
Durch den Weltraum
Durch die
Durch die Asteroidzittern
Durch die dunklen
Durch die endlose
Durch die Galaxie
Durch die Galaxien
Durch die Galerie
Durch die Kristallgalaxis
Durch die leuchtenden
Durch die Milchstraße
Durch die Nacht
Durch die Nebelschwaden
Durch die pulsierende
Durch die Raketentür
Durch die Ringe
Durch die Schwarzen
Durch die sonnenstrahlen
Durch die Sterling
Durch die Tiefen
Durch die undurchdringlichen
Durch die windig
Durch die Wolken
Durch die Zehntausend
Durch ein dunkles
Durch einen schwirrenden
Durch ein Meer
Durch ein spektakuläres
Durch ein unbekanntes
Durch fernen Nebeln
Durch fremden Nähern
Durch geheimnisvolle Wolken
Durch glitzernde Sterne
Durch nebelhafte Galaxien
Durchs dunkle Schlaffeld
Durchs Froschteich Schreiben
Durchsichtige Meteoriten
Durchs sternenbedeckte All
Durchs Sternesschlitten fliegt
Durchs Universum fliegt
Durchs Weltall kroch
Durchs Weltall saust
Durch vulnerable Galaxy
Durstig wandert eine
Dusty-tiny
Echo eine Schnickschnacklanze
edaswärts die
Egal, welche
Eh der Signalton
ehemaliger  Hauffeuerwehrstag grüßt
Eher erschien der
Ei dem Stern
Eier frieren am
Ein abenteuerlustiges Mädchen
Ein abenteuerlustiges Roboterkind
Ein Abenteuer wartet
Ein absegungsquoteļfeuer vom
Ein achtbeiniger Außerirdischer
Ein ähendes Raumschiff
Ein alienartistisches Abenteuer
Ein Alien aus
Ein Alien hörte
Ein Alien kam
Ein Alienkind reiste
Ein Alien schwebte
Ein alte Asteroide
Ein alter Roboter
Einander gefundener
Ein armer Mensch
Ein Asteroid fliegt
Ein Asteroid lautete
Ein Asteroid schießt
Ein Astronaut namens
Ein auch in
Ein außerirdischer Ball
Ein außerirdischer Botschafter
Ein außerirdischer Freund
Ein außerirdisches Raumschiff
Ein außerirdisches Wesen
Ein Baby Radar
Ein Bären Kuchen
Ein Baum
Ein bekannter Retro
Ein Besucher von
Ein Bettenhaus im
Ein Blatt Papier
Ein blauer Drache
Ein blauer Nebel
Ein blauer Planet
Ein blauer Planete
Ein blauer Riss
Ein blinkender Meteorit
Ein blinkender Stern
Ein blinkendes Gerät
Ein Blitz durchfuhr
Ein Blitz durchschlug
Ein Boot,
Ein Compa'
Ein Computerwabe.
Ein coolhafter Anbruch
Ein cover herallowes
Ein Dodo verwandelt
Eine 10.
Eine abenteuer-
Eine außerirdische Handy
Eine böse Roboterin
Ein echodas ist
Eine Feuermob und
Eine fliegende
Eine fliegende Prinzessin
Eine fremde Sonne
Eine fremde Welt
Eine geheimnisvolle
Eine geheimnisvolle Galaxie
Eine geheimnisvolle Pfote
Eine geheimnisvolle Rakete
Eine geheimnisvolle Sonic
Eine geheimnisvolle Sternsonde
Eine große Weltraumkind
Ein Ei in
Eine kleine
Eine kleine Kroiakrochen
Eine kleinen Planeten
Eine kleine Rakete
Eine kleine Ratte
Eine kleine Raumfahrerin
Eine kleine Sternenrakete
Eine kleine Sternschiff
Eine Kokosnuss entfernt
Eine leuchtende
Eine leuchtende Kometenspur
Ein elfenbeinerner Drachenschädel
Eine magische Blume
Eine Magische Sonne
Eine Mini-
Einem kosmischen,
Eine mystische Mission
Einen Abenteurer kommet
Einen Asteroid treffen
Eine Navigationsbox erwachte
Einen Filmbaum aus
Ein enhrlicher Sonnensammler
Einen Meteor jemand
Einen nebeligen Mond
Einen Pixel Planet
Einen Planeten voller
Einen Tag fühlte
Eine persönliche Botschaft
Eine Planet
EinePlanet schlafen
Eine plötzlich klingende
Eine Rakete,
Eine Rakete flog
Eine Rakete funkelte
Eine Rakete nimmt
Eine Rakete zischte
Ein Erdenmensch auf
Eine Riesenmammut
Einer kleinen Plasma
Einer offensichtlich niemand
Eine rosafarbene Rüsselmaus
Einer Raumjunge traute
Einer Stern,
Einer Stern explodiert
Eines abendlich jas
Eines Abends am
Eines Abends auf
Eines Abends bemerkte
Eines Abends fiel
Eines Abends flog
Eines Abends flogen
Eines Abends funkeln
Eines Abends glitzern
Eines abends im
Eines Abends im
Eines Abends weinte
Eine Schatzkarte zum
Eine schwirrende Astronautin
Eines Matzbrende verzauberte
Eines Morgens
Eines Morgens die
Eines Morgens erklangen
Eines Morgens fliegt
Eines Morgens funkelte
Eines Morgens im
Eines Morgens in
Eines Morgens leuchteten
Eines Morgens plötzlich
Eines Morgens saw
Eines Nachts
Eines Nachts am
Eines Nachts auf
Eines Nachts der
Eines Nachts entdeckte
Eines Nachts im
Eines Nachts in
Eines Nachts leuchtete
Eines Nachts leuchteten
Eines Nachts segelte
Eines Nachts spring
Eines Nachts träumte
Eines przillen Morgens
Eines schönen Tages
Eines sonnigen
Eines sonnigen Mittags
Eines Sterns staubige
Eines Sterns wunderbares
Eines Tages
Eines Tages,
Eines Tages auf
Eines Tages blickte
Eines Tages blinkten
Eines Tages ein
Eines Tages entdecken
Eines Tages entdeckte
Eines Tages fällt
Eines Tages fand
Eines Tages festgelegt
Eines Tages fiel
Eines Tages flog
Eines Tages geht
Eines Tages glomm
Eines Tages im
Eines Tages in
Eines Tages mehr
Eines Tages oben
Eines Tages ruft
Eines Tages sah
Eines Tages stürzte
Eines Tages trottete
Eines Tags
Eine Sternenschwester
Eine Sternenwolke funkelte
Eine Sternschnödel Team
Eine Sternschnuppe
Eine Sternschnuppe fiel
Eine Sternschnuppe fliegt
Eine Sternschnuppe flog
Eine Sternschnuppe landet
Eine Sternschnuppe leuchtet
Eine Sternsprosse leise
Eines tranigen Morgens
Eine traurige Rakete
Eine Ufo reparierte
Eine unbedeutende Galaxie
Eine Weihnachtsgeschichte auf
Eine Welt aus
Eine Weltraum KinderPhantasie
Eine winzige Rakete
Eine Wolke mit
Einfach auf der
Einfache Abigail mochte
Einfache Wünsche
Einfach weiten um
Ein Farben-
Ein fell vom
Ein ferne Planet
Ein ferner Planet
Ein fernes Streelicht
Ein ferne Welt
Ein Feuerfisch antwortete
Einfinde mit der
Ein flammendes Goldberg
Ein flauschiger Alien
Ein flauschiges Alien
Ein flauschiges Außerirdchen
Ein flauschiges Monster
Ein flauschiges Sternschiff
Ein fliegender Dinosaurier
Ein fliegender Drache
Ein fliegender Equations
Ein fliegender Keks
Ein fliegender Krokodil
Ein fliegender Teppich
Ein fliegendes Feuerwerk
Ein fliegendes Kaninchen
Ein fliegendes Löckchensee
Ein fliegendes Mädchen
Ein fliegendes UFO
Ein Foto des
Ein fremdartiger metallischer
Ein fremdartiger Ton
Ein fremder Planet
Ein fremder Raumfahrer
Ein fremder Stern
Ein fremdes
Ein fremdes Raumschiff
Ein fremde Wesen
Ein freundlicher Drache
Einfrohes Staunner Erwachnen
Ein Frosch aus
Einfuehre den Planeten
Ein funkelnder Komet
Ein funkelnder Stern
Ein funkelndes
Ein funkelndes néo
Ein funkelndes Raumschiff
Ein Funken der
Ein Funkensprung entfernt
Ein galaktischer Barkeeper
Ein Galaktischer Wolf
Ein galaktisches Abenteuer
Ein ganzes Reisenen
Ein ganzes Universum
Ein geheimer Asteroid
Ein geheimer Brief
Ein geheimer Raum
Ein geheimer Rieseninsektenpuder
Ein Geheimnis außerhalb
Ein Geheimnis schlummert
Ein geheimnisvoller Asteroid
Ein geheimnisvoller Feld
Ein geheimnisvoller Glitzerstaub
Ein geheimnisvoller Komet
Ein geheimnisvoller Meteor
Ein geheimnisvoller Meteorit
Ein geheimnisvoller Nachbar
Ein geheimnisvoller Nebel
Ein geheimnisvoller Nikon
Ein geheimnisvoller Ort
Ein geheimnisvoller Planet
Ein geheimnisvoller Robot
Ein geheimnisvolles Flüstern
Ein geheimnisvolles Kosmenschiff
Ein geheimnisvolles Licht
Ein geheimnisvolles Planchen
Ein geheimnisvolles Raum
Ein geheimnisvolles Raumschiff
Ein geheimnisvolles Signal
Ein geheimnisvolles Wesen
Eingehüllte Alienantworten
Eingehüllt von Sternenstaub
Ein Geisterstern erhellt
Ein Gespenst schwebte
Eingestecke Kollometten
Ein glänzendes Ufo
Ein glitzernder Meteor
Ein glitzernder Raumfahrer
Ein glitzernder Stern
Ein glitzerndes Raumschiff
Ein großer Asteroid
Ein großer Außerirdischer
Ein grüner
Ein grüner Meteoroit
Ein grüner Planet
Ein grüner Stern
Ein grünes Alien
Ein grünes Außerirdischenschiff
Ein grünes Licht
Ein grünes Raumschiff
Ein grünes Schimmern
Ein grünes Schloss
Ein grünes Seepferdchen
Ein Heimatter suspendiert
Ein hellblaues Raumschiff
️Ein hilfreicher
Ein hochspannendes Roboter
Einige blau-
Einige Erscheinungein letzten
Einige Geräusche sind
Einige junge
Einige Lichtjahre entfernt
Einige Meteoriten lebten
Einiges war Plötzlich
Ein junger Astronaut
Ein Jupiter grossen
Ein kalter Atem
Ein kichernder Alien
Ein kinderlein durchquerte
Ein kleine fallendes
.Ein kleiner
Ein kleiner
Ein kleiner Alien
Ein kleiner Alienkumpel
Ein kleiner Asteroid
Ein kleiner Astronaut
Ein kleiner astronomy
Ein kleine Raumschiffs
Ein kleiner Außerirdischer
Ein kleiner Bär
Ein kleiner Blitz
Ein kleiner Fremder
Ein kleiner Fuchs
Ein kleiner Hase
Ein kleiner Held
Ein kleiner Hund
Ein kleiner Komet
Ein kleiner Meteor
Ein kleiner Meteorit
Ein kleiner nur
Ein kleiner Planede
Ein kleiner Planet
Ein kleiner Planetenwanderer
Ein kleiner Radiowellen
Ein kleiner Rasi
Ein kleiner Raumschiff
Ein kleiner Roboter
Ein kleiner Rocketschlüssel
Ein kleiner Rosis
Ein kleiner Roter
Ein kleiner Rover
Ein kleiner Scout
Ein kleiner Stern
Ein kleiner Sternenstaub
Ein kleiner Sternweite
Ein kleiner UFO
Ein kleiner Waldplanet
Ein kleiner Welten
Ein kleiner Weltenwanderer
Ein kleines
Ein kleines Alien
Ein kleines Kometenkind
Ein kleines  Melodie
Ein kleines Raumschiff
Ein kleines Silberraben
Ein kleines Sternenkind
Ein kleines UFO
Ein kleines Weltraumfernrohr
Ein kleines Wunder
Ein klitzekleiner Roboter
Ein knisternder Meteor
Ein Komet schoss
Ein komischer Asteroid
Einköpfige Sternenschildkröte,
Ein kosmischer,
Ein kosmischer Freund
Ein kosmischer Kauz
Ein kosmischer Schmetterling
Ein kosmischer Wind
Ein kosmisches Abenteuer
Ein kosmisches Ameisenportal
Ein Kranker Galaxie
Ein kranker Stern
Ein Kreisel Licht
Ein leuchtender Planetoid
Ein leuchtender Schimmer
Ein leuchtendes Wesen
Ein leuchtend roter
Ein Lichtblitz aus
Ein Licht streicht
Einmal an den
Einmal auf
Einmal auf dem
Einmale über Wind
Einmal flog mit
Einmal flog Rakete
Einmal fuhr Simon
Einmaligkeit – wir
Einmal im
Einmal im All
Einmal im Monat
Einmal im Querflug
Einmal im Supernova
Einmal im Welt
Einmal im Weltall
Einmal im Weltraum
Einmal in der
Einmal, Inmitten
Einmal jeder,
Einmal Pluto
Einmal Rasen und
Einmal tauchte eine
Einmal tief
Einmal üret zweite
Einmal war es
Ein Männlein mit
Ein marsktester lenxt
Einmatic Galaxie weit
Ein merkwürdiges Leuchten
Ein Meteor,
Ein Meteoriten sammeln
Ein Meteorit regnete
Ein Meteor wälzt
Ein Meteor zischte
Ein Milchstraßenpirat sah
Ein Miniaturraumschiff trudelte
Ein Mond bewohnt
Ein müde Tintenfisch
Ein Mut,
Ein mysteriöser Fit
Ein mysteriöser Meteor
Ein mysteriöser Schweif
Ein mysteriöses
Ein Mysteriöses Geräusch
Ein Mysterium im
Ein Mystery Planet
Ein mystischer Mondschatten
Ein mystisches Flüstern
Ein mystisches Raumschiff
Ein mystisches Weltall
Ein mystisches Wesen
Ein nahe Sitzenden
Ein Nebelschwarm verbrachte
Ein neuer Planet
Ein neues Raketenschiff
Ein neugieriger Astronaut
Ein neugieriger Roboter
Ein nicht genug
Ein Normito-
Ein Notruf weiter
Ein offizieller Weltraum
Ein paar Sternschnuppen
Ein Perlen praktisch
Ein planarer Fuchs
Ein Planet
Ein Planet aus
Ein Planetengraser erwartet
Ein Planet entschwindet
Ein Planet namens
Ein Planet namhafte
Ein Plaste Mond
Ein Pling stimmt
Ein Plüschbär
Ein plüschiger Held
Ein quietschender Roboter
Ein quietschendes Alien
Ein quietschendes Raumschiff
Ein Rabe im
Einrahm raumpumpe
Ein Raketenfahr-
Ein rasender Meteor
Ein rasendes Raster
Ein rasendes Raumschiff
Ein rätselhafter Besucher
Ein rätselhaftes Schiff
Ein Rätsel um
Ein Raumanzug flüstert
Ein Raumdelfin sprang
Ein Raumfahrer entsprach
Ein Raumfahrer findet
Ein Raumpirat entdeckt
Ein Raumpirat raste
Ein Raumpropeller,
Ein Raumschiff diente
Ein Raumschiff eilends
Ein Raumschiff fliegt
Ein Raumschiff flog
Ein Raumschiff irrte
Ein Raumschiff kam
Ein Raumschiff landete
Ein Raumschiff saust
Ein Raumschiff schien
Ein Raumschiff schoß
Ein Raumschiff stieg
Ein Raumschiff tanze
Ein Raumschiff verloren
Ein Raumschiff verschwindet
Ein Raumschiff voller
Ein Raumschiff vor
Ein Raumschiff wabert
Ein Raumschiff wartete
Ein Raumsucher namens
Ein Riesenfischbrigens endlosen
Ein Riesenraumschiff
Ein Riesenrocket brodelte
Ein riesiger Meteor
Ein riesiges Raumschiff
Ein riesiges Sternenlichtrepresentatives
Ein Roboter auf
Ein Roboter entdeckt
Ein rosafarbener Riese
Ein rosafarbenes Raumschiff
Ein rote
Ein roter
Ein roter Alien
Ein roter Elefant
Ein roter Ork
Ein roter Planet
Ein roter Stern
Ein rotes Zelt
Ein sagenhafter Spiegelglasplanet
Einsame Felsen ragten
Einsamen Mission drohende
Einsame Tagebäcker
Einsam war der
Ein sattes rosa
Ein Schacht zum
Ein schlafender Kobold
Ein schmaler Riss
Ein Schmetterling boink
Ein Schrittemacher.
Ein Schrulliger Stern
Ein Schwein trat
Ein secret Gruß
Ein secretser Nebel
Ein See Kluris
Ein seltsames Kratzen
Ein seltsames Stern
Ein Semester
Ein silberner Flaschenstern
Ein silbernes Raumschiff
Ein Staubkorn konnte
Einst da unten
Ein Steif ро
Einsteigenden Schwarm von
Ein Steinchen aus
Ein Stern
Ein Stern,
Ein Sternabin der
Ein Stern als
Ein Stern ASEDO
Ein Stern aus
Ein Sternbaerlbracken möcht
Ein Stern blinzelte
Ein Stern blitzte
Ein Sternchen fiel
Ein Sternchen flog
Ein Stern ein
Ein Sternenfass finsterem
Ein Sternenfisch spritzte
Ein Sternenfrosch sprang
Ein Sternenfuß wirbelte
Ein Sternenglitzer Fisch
Ein Sternenhund drückte
Ein Sternenjunges wanderte
Ein Sternenkater träumt
Ein Sternenkind
Ein Sternenkind fand
Ein Sternenkind flog
Ein Sternenkind flüstert
Ein Sternenkind schrie
Ein Sternenkind träumt
Ein Sternenkind träumte
Ein Sternenkind wachte
Ein Sternenkönig verkündete
Ein Sternenkristall lag
Ein sternen leuchtend
Ein Sternenmädchen
Ein Sternenpferd fand
Ein Sternensaat flog
Ein Sternensammler träumt
Ein Sternenschiff
Ein Sternenschiff fliegt
Ein Sternenschiff flog
Ein Sternenschiff mit
Ein Sternenschiff rennt
Ein Sternenschiff schwebte
Ein Sternenstaub
Ein Sternenstaubschrei
ein Stern entsprang
Ein Sternenzwerg fliegt
Ein Stern erzählt
Ein Stern fiel
Ein Stern fingerabdruck
Ein Stern flitzte
Ein Stern flog
Ein Stern funkelt
Ein Stern glänzte
Ein Stern glitzert
Ein Stern haute
Ein Stern jedoch
Ein Sternjugend
Ein Stern kam
Ein Stern leuchten
Ein Stern lichtete
Ein Stern muht
Ein Stern namens
Ein Stern schießt
Ein Stern schimmerte
Ein Stern schneidet
Ein Stern sich
Ein Stern sprang
Ein Stern spricht
Ein Stern strahlt
Ein Stern stürzte
Ein Stern verschwand
Ein Stern war
Ein Stern warscheint
Ein Stern wird
Ein Stern Zack
Ein Stern zerplatzte
Ein Stern zweimal
Einst fern der
Ein stiller Planet
Einst im Kosmos
Einst in allen
Einst leuchtete der
Einst, neben
Ein Strahlenkomet,
Ein Strudel aus
Ein Stückchen Mond
Ein superheißes Eliteteam
Ein Tag des
Ein Teleskop blickte
Ein tiefes All
Ein tiefes Donner
Ein Tintenfisch flog
Eintragungs Elemente
Einträumen fühlte sich
Ein Träumer-
Ein türkisfarbener Mond
Ein überdimensionales Alien
Ein überraschendes Erbe
Ein UFO landete
Ein unbekannt
Ein unbekanntes Feuer
Ein unbekanntes  Geheimnis
Ein unbekanntes Objekt
Ein unbekanntes Raumschiff
Ein unendlicher
Ein unerwarteter blinkender
Ein unfassbarer Raumakoit
Ein unruhfaul des
Ein unsichtbarer Riesenaußerirdische
Ein unsichtbarer tidigare
Ein unsichtbares Schiff
EIn unvergessen Weltraumabenteuer
Ein verblüfftes Astronauten
Ein verborgenes Gestirn
Ein verborgenes Lichtwertslirachte
Ein verborgenes Portal
Ein verdrehtes Raumschiff
Ein vergleichbares Alien
Ein vermisstes Sternenschiff
Ein verrücktes Kometentanz
Ein verschollenes Schiff
Ein verzaubertes Planetensystem
Ein verzauberte Splitter
Ein verzaubertes Regentlichenfresser
Ein virtueller Sternenschiff
Ein wahrer Sternyanurchstaurzt
Ein weiches Licht
Ein weit entferntes
Ein Welpe im
Ein Weltraumabenteuer begann
Ein Weltraumaffe ﬁn
Ein Weltraumwesens träumte
Ein wildes Raumrennen
Ein Wimpernschlag entfernt
Ein winziger Feuerball
Ein winziges Raumschiff
Ein Wirbel aus
Ein Wirbel klitzekleiner
Ein Wirbelsturm da
Ein Wolke rund
Ein Wunder ging
Ein Wundergras
Ein wundersamer Komet
Ein wundersames Lichtlein
Ein Würfel erblickt
Ein Zauberer ganze
Ein Zauberer im
Einzelne Sterne leuchten
Einzelne tanzende Satelliten
Ein Zustand namens
Ein秘密の Summers
Eisberge kreisen
Eisigen das
Eisige Winde
Eiskalter Sternenkratzer
Eli schwörer ich
Endlose Abenteuer
Endlose Sterne funkeln
Energie Raumschiffe peinig
Engelchen Sternschildchen
Engelslider angeröcheln
Entdecken geheim Feuer
Entdecke unglaubliche neue
Entdeckte Max das
Entdeckung von Kometenschweif
Entonces una estrella
Erbärmlich Öl Schein
Er begte ins
Er birgt ein
Erblickt das Wunder
Erdachten von
Erdäpfel Krebs flog
Erdbär war pfiffig
Erdboote verführerische
Erdlingin grügt die
Erdnussbutter Sternenforschung beginnt
Erdund wenn dann
Erfahrene Dinos sprangen
Erforsche mit dem
Erforschte die Mond
Er hörte sich
Erkämpfte kleine Planet
Erotöll Instinkt
Erschienen waren die
Er schnappt nach
Erst als der
Erstaunt blinZelt die
Erstaunt durchs All
Erstaunt von der
Erst der Meteor
Erste der Sonne
Erstens Raumschiff alten
Er UINT in
Erwartet nichts,
Es blinkte ein
Es blinkte sternelik
Es blitzte hell
Es dunkelte im
Es entstand Wohl
Es fliegt ein
Es flog einen
Es funkelten die
Es funktionierte nicht
Es geschah
Es geschah,
Es glänzelten acht
Es glitzern die
Es keine Flugzeuge
Es lebte
Es leuchten Planeten
Es leuchtet der
Es leuchtete,
Es leuchtete hell
Es rasen
Es regnete Monde
Es summte am
Es war die
Es war einmal
Etwa als ob
Etwa Funf Kilogramm
Etwas blinkt am
Etwas glitzerte im
Etwas schwirrte durch
Etwas unendlich klein
Etwas ungewöhnliches
Etwas Unheimliches im
Etwas Unheimliches startete
Euch Erderspuren
Ewige Fliehen
Excercieren imkeiner Forke
Exploding Galaxies
Explosionsartig regnete
Extraterrestrische Besucher
Familie besteigt vorsichtig
Fantastische Abenteuer
Farben der Galaxie
Farben des Sonnensystems
Farben explodierten auf
Farbenfrohe Galaxiene
Farbenfrohe Galaxien hatten
Farbenfrohe Planeten tummelten
Farbenfroh funkelte Stern
Farbenfroh funkelt Stern
Farben funkelten im
Farbenreiche Galaxie ohne
Farben tanzen Sternen
Farben tauchen wir
Farben verbinden und
Farbe rekorbelende
Farbe Schwang da
Farbige Galaxier schwebten
Farbige Kometen
Farbige Mondstrahlen unmöglichen
Farbige Plateau verrückt
Farbige Sternenstaub explodierte
Farbiges Vakuum zeigte
Farbraum über
Fast eingebunden im
Fasten Sie sich
faszinierende Sterne schienen
Fasziniert flüsterten die
Feenstaub auf
Feen ziellos
Feinde von Nebelhafen
Felder wachsen
Felix und der
Fernab in Galaxie
Fernab von jedem
Ferne Galaxie
Ferne Galaxien strahlen
Fernen Planeten
Ferne Planeten aufgeregte
Fernerkundete Glebe
Fernes Flüstern zischte
Ferne sternensongerufen
Ferne Sternweisheit flischen
Ferne wie freier
Fern und doch
Feuchtigkeit brachte kleine
Feucht Puderstaubwellen
Feuerbälle
Feuerdrachen im Raum
Feuerflammen im All
Feuerflammen kreuzten
Feuernebel flackerten rot
Feuerroter Mond erleuchtete
Feuersterne erklingeln
Feuerươgen fliegen schnell
Feuerwerk expectantrausern
Feurige Löcher flüsterten
Feurige Meteorströme
Feuriger Sonne
Fieberhafte Steroide der
Fingergleichen stalkt laufend
Finsterer Nebel tut
Fisch des Allbauches
Fischschwarm am Mond
Flammende Rakete sprang
Flammende Sterne flogen
Flammenzungen aus der
FLAMMSCHWEIFT FLÜGEL,
Flammten Sintern Sterne
Flaschen_post vergetalten
Flaschenraptivda tut
Flaschenraumschiffe schlenkerten
Flashcat der tapfere
Flatulenz des>
Flauschige Wolken existieren
Flerverteile Abfahrt hoffen
Fliegen Beinen zum
Fliegend durchs All
Fliegende Blumen
Fliegende Blüten sterben
Fliegende Feuerflammen
Fliegende Fische entdeckte
Fliegende Kaugumen sind
Fliegende Kometen dringen
Fliegende Piraten
Fliegende Piraten im
Fliegende Planetenbolzen
Fliegende Planetenhunde
Fliegende Planeten im
Fliegende Raketen
Fliegende Raketenpfanne
Fliegende Raketen rauschen
Fliegende Raumkräfte sagten
Fliegende Roboter ♥
Fliegende Roboter hörten
Fliegende Roboter konnten
Fliegende Roboter wachen
Fliegender Staub,
Fliegende Sterne so
Fliegende Stühle im
Fliegende Tassen kreiselten
Fliegende Teller
Fliegende Teppiche verschwammen
Fliegende Tiere sahen
Fliegen die Schiffe
Fliegend in flachen
FliegendMNacht weit
Fliegen durch
Fliegen durch den
Fliegen durch die
Fliegen liebenden
Fliegen ohne Flügel
Fliegen viere solange
Fliegen wir zum
Fliege zu den
Flieginge der
Fliegst du schon
Fliegt der Mond
Fliessbahn und durch
Flimmernde Sterne tarken
Flimmernde Tunnel erkennen
Flings selbstgemachte Rakete
Flinken Sternentänzern
Flink huschte
Flink über
Flitzte die Raumkapsel
Flog ein Raumschiff
Floßen durch den
Fl.panel
Fluchender Mond taucht
Fluf der Mondhase
Flug der
Flügel aus Licht
Flügel aus Sternenstaub
Flügel des weiten
Flügel eines Vlieses
Flügellosen Asteröde
Flügeln aus Licht
Flügeltaucher trauern in
Flügel trieben leicht
Flughafensäule mit Antenne
Flugzeug durchsichtig immer
Flüssige Rakete erschien
Flüsternd durch den
Flüsternde Galaxien funkelten
Flüsternde Galaxiensterne
Flüsternde Gase des
Flüsternde Meteoriten
Flüsternde Nebel
Flüsternde Planeten,
Flüsternde Planeten tanzten
Flüsternde Raumturbulenzen
Flüsternd erschienen Geheimnisse
Flüsternd erzählte die
Flüsternde Sterne zeigten
Flüstern die Nebel
Flüstern die Sterne
Flüsternd raunte
Flüsternd rief mitten
Flüsterspürend Weltraumstände.
Fortan erlebte Anna
Frachter Nummer
Fragte interstellare Tierchen
Fremdartige Lichter erhellten
Fremdartigen Galaxien entdecken
Fremd Bebenesen auch
Fremde Babys erzählten
Fremdeb Welten
Fremde Galaxie Konstruktant
Fremde Lande wo
Fremde Wesen fliegen
Fremdeこのうち(
Freundliche Farben tanzten
Freundliche Monde schlüpfen
Freundliche Sternenhelden teilten
Freundlich fliegen Geschwister
Freundschafthöhend der Drachenspöre
Friedsichtlich großzaubert
friendly Alien
FROEFIEN HOUSEUGELN
Frohe Sternenschwebel,
Fröhlich auf dem
Fröhliche Lichter tanzten
Fröhliche Rakete trifft
Fröhliches Schiff unterwegs
Fröhlich fliegende Planeten
Fromme Pausen der
Früher mochte Zoe
Füchse flogen
Fuchsmond, der
Fühlst du es
Fünf Astronauten
Fünf Astronauten fanden
Fünf fliegende Teller
Fünf horizontale Planeten
Fünf kleine
Fünf kleine Astronauten
Fünf kleine Kribbelwesen
Fünf Staubwürmer flogen
Fünf Sternschnuppen schossen
Funkelnde Augen staunts
Funkelnde Kometenschweife
Funkelnde Komet wird
Funkelnden Kometenbrücke
Funkelnden Löwen wallonzant
funkelnden winzigen führers
Funkelnde Planetenwache
Funkelnde Raketen tauchten
Funkelnde Rakete stieß
Funkelnder Stern entschwindet
Funkelndes Sternenloge
Funkelnde Sterne
Funkelnde Sterne am
Funkelnde Sterne erglühen
Funkelnde Sterne leuchten
Funkelnde Sterne lügen
Funkelnde sternengeburtstände glitzerten
Funkelnde Sternenstaub
Funkelnde Sterne tanzten
Funkelnde Sternschnuppe
Funkelnde Tale funkelten
Funkelnd grüne Welten
Funkelten Sternenfragmente
Funken flogen aus
Funken flüstern aus
Funken im
Funkstörungen kamen aus
Funk teilt heilige
Funkt lässt schtinpsiü
Funk unterstehende
Fürchtet sich
Für den interstellaren
Für die Milchstraße
Füre die futuristische
Für ein Bruchteilen
Für Eine Weltrettung
Für immer im
Für kurze Zeit
Fürst
Füßchen mußte unbedingt
Fuß stände des
F जगह Pille
Gää also meckert
Galaktische Abenteuer beginnen
Galaktische Fahne wehte
Galaktische Freunde Erfindungen
Galaktische Kinder Träume
Galaktischem Staubsauger
Galaktische Piraten schwindelten
Galaktischer Glitzer tanzte
Galaktische Riesen betraten
Galaktischer Spuk anstellte
Galaktisches Abenteuer begann
Galaktische Schiffe gesellen
Galaktische, Schiffsschaukel
Galaktisches Geheimnis:
Galaktische Wale
Galaktische Wandernde Familien
Galaktische Welten in
Galaktische Welt wurde
Galaktische Winde mischten
Galaxien funkelten hell
Galaxiskind  brüllt lacht
Galaxis umkreiste ein
Galaxy was treasure
Galioner und Blitz
Gänseblümchen glänzen und
Gänsehaut Laufende Kinder
Ganze Galaxien sind
Ganz geheimnisvoll sang
Ganz heimlich schwebten
Ganz hoch in
Ganz leise feuerte
Ganz leise flog
Ganz leise flüsterte
Ganz oben
Ganz oben am
Ganz oben auf
Ganz oben Weltraum
Ganz plötzlich erschien
Ganz plötzlich meldet
Ganz still im
Ganz still stand
Ganz tief im
Ganz unerwartet erschien
Ganz unerwartet schoss
Ganz weit
Ganz weit draussen
Ganz weit entfernt
Ganz weit im
Ganz weit oben
Ganz weit weg
Gar nicht weit
Gebogene Glasterminal Oberseite
Geborne Römerspindeln
Gedämpftes Licht blinkt
Gefahr im Zeitästeroiden
Gefahroeslche Runenblau mischte
Gefangen in
Geflüsternde Zeit der
Geheime Planeten protestieren
Geheime Sternen-
Geheimnis letzt独立
geheimnisvolle Dopplersternen
Geheimnisvolle Monde leuchten
Geheimnisvolle Mondschokolade
Geheimnisvolle Raumschiffe
Geheimnisvolle Sterne funkelten
Geheimnisvolle Sternenstaub
Geheimnisvolle Stille im
Geheimnisvoll flüsterte die
Geheimnisvoll in den
Gekritzelte Sterne
Gelächter deutscher Braut
Gelbe Monde
Gemeinsam mit dem
Gemischtwasser im
Gemütliche abwechslungsreichen sieben
Genauso wagte er
Gen muß herauf
Gerade als das
Gerade schwebte ein
Geräuschvoll raffläßige Entfernungen
Gern goss sie
Gern sah mich
Gesältigte Expeditore drohten
Geschaffener Robot Kleo
Geschäftiges Wunder!
Geschichten Jade
Geschwiegend  Ihre Stern
Gespannt  nach dem
Gespenstisch polternder Donner
Gespenstisch strahlte der
Gestaltwandelnder Roboterrärm in
Geste dazu mein
Gestern fiel der
Gestern neben schönen
Gestreute Meteoriten glühend
Gettert sich звезда
Gewitterfeder absockeln
Gewitterschläge donnerten,
Gib mir einen
Gibt es einem
Gibt es fremde
Gibt viele
Gigantische Kreaturen lebten
Gigantische Metallspinnen
Gigantische Metropolkurvmagst -
Gigantischen..
Gigantische Nebelwolken
Gigantische planeten erbeben
Gigantische Planeten umkreisen
Ginge ein Wunder
Ging immer den
Giovanni, der
Girl schwirrt durch
Glänzende Sterne
Gläserne Elfe schmächtig
Glasses wurden mit
Glaube es oder
Glaubliche Kinder fliegen
Gleich bei den
Gleich draußen im
Gleich hinterm vierten
Gleich kommt ein
Gleich neben dem
Gleich sauste ein
Gleich startet der
Gleich wie immer
Gleich zwei strahlende
Gleichтой neben dem
Gleißender Meteor sterbt
Gleißend im All
Gleitende Raumfahrzeuge Licht
Gleitende Sternenjedi
Gleiter zogen in
Glévrier hätte gerne
Glimmernd blauschwarze Sternenwelten
Glimmernde Kometen tanzten
Glimmernde Riesen krümmen
Glimmernder Protonen
Glimmern der Startra
Glimmernde Spuren in
Glimmernde Sterne leuchten
Glimmernde Sterne sicher
Glimmernde Sternschnuppen
Glimmern stolze Sterne
Glimmerte sternenklare
Glitzerfeuer hüpften
Glitzern bis-
Glitzernde Galaxien
Glitzernde Galaxien flüstern
Glitzernde Galaxien funkelten
Glitzernde Galaxien leuchten
Glitzernde Galaxie voller
Glitzernde Kometen tändelten
Glitzernde Meteoriten
Glitzernde Monde der
Glitzernder auf den
Glitzernde Raumfrost zierte
Glitzernde Raumschiffe
Glitzernde Raumweise verzauberte
Glitzernder Staub erfüllte
Glitzernder Staub hinabfliegen
Glitzernd erstrahlte etwas
Glitzernde Sonnenschauer шел
Glitzernde Sonnensysteme verschwinden
Glitzernde Sterne
Glitzernde Sterne flüsterten
Glitzernde Sterne funkelten
Glitzernde Sterne leuchteten
Glitzernde Sternenflügel
Glitzernde Sternenregale verstelltet
Glitzernde Sternenstaub
Glitzernde Sternenstrahlen
Glitzernde Sternenteppiche
Glitzernde Sterne strahlen
Glitzernde Trugbilder tanzen
Glitzernd im All
Glitzernd ist das
Glitzernd schwamm der
Glitzernd schwebte ein
Glitzernd tauchte der
Glitzernd zwischen Planeten
Glitzern in den
Glitzern konzentration zu
Glitzerstückchen fallen
Glitzerwolken über
Glocken läuteten im
Glorreck der Sternenschwein
Glossy  Planeten
Glowing lights,
Glowing Nasa telescope
Glowing Tetris Imagination
Glubschaugen trudelten
Glückskuglen
Glühen die
Gluhten Comet Sonne
Gnadenrumnacktes.net
Goldener Stern(
Goldene Sternenstaub und
Grade ist einer
Grau auf Helenas
Graue Krater gähnen
Graue Wolken ziehen
Graves Sternenaffe
Gravitationswellen tanzen
Grazer ins
Greif nach den
Grell erleuchtet Mondstück
Grell Metall berührt
Grell schimmerte der
Grimmige Außerirdische Mitte
Grob gaze und
Großartige Raumschiffe Dank
Große Rätsel auf
Große Raumschiffe flogen
Großer Planetenräuber
Großer Sternenglanz beleuchtete
Großer Sternenhimmel,
Großer unter Mondlicht
Große Sterne leuchten
Grüne Äpfel blühten
Grüne Astronautin lief
Grüne Außerirdische erkennen
Grüne Farben blitzten
Grüne Flüssigkeit sprudelte
Grüne Flut übergießt
Grüne Galaxie
Grüne Glasgarten wuchs
Grüne Gräser
Grüne Monde fungierten
Grüne Nasa-
Grüne Pflanzen auf
Grüne PlanetenBananenhörner
Grünes Alienblut klebte
Grünes Phoschef besucht
Grüne Zwergive
Grün und Lila
Guards to wallpaper
Gummibärchen tanzten schwerelos
Gütesternerzwirbelnde Sternschnuppen
Halbes Sternenlicht
Hallo ihr kleinen
Hallo, kleiner
Halte still,
Hand in Hand
Hangarbett faul Matti
Hättest du einmal
Hauptmann Baum fand
Hautengel hoben ab
He fluff bubble
Heimlich durch
Heimliche Raumpiraten dicht
Heimliche SMS über
Heimlich tauchte ein
Heiß wie ein
Helden jener Sternen
Heldenstunde fiel
Hell appeared
Hell blanke sieben
Helles Lachen aus
Helle Sternflocken segelten
Herrliche Galaxien treiben
Herumschwirrende Kometen,
Heruntergefallene Sterne
Heute morgen auf
Heute Nacht
Heute Nacht im
Heute schlich sich
Heute tanzte der
Heute wirkt
Heut machen Raumpiraten
Hidden bits of
Hier in der
Hier, irgendwo
Hier ist ein
Hier schwirren drei
Hier sind die
Hier wachsen die
Hier war
Hihihi weil ich
Himmelsreiniger faulenzen
Himmel umarmten die
Himmelzwillig tanzender
Hinauf zum
Hinten im Kosmos
Hinten im Kosmosen
Hinten im Sternenschiff
Hinter abgelegenen Planeten
Hinter dem
Hinter dem Asteroid
Hinter dem Dunkel
Hinter dem dunklen
Hinter dem Erdnussmond
Hinter dem Felsen
Hinter dem Fenster
Hinter dem hellen
Hinter demhidulzen Hennu
Hinter dem Horizont
Hinter dem Kanallinie
Hinter dem Mars
Hinter dem Meteoritenschwarm
Hinter dem Milchstraßenfenster
Hinter dem Milchstraßennebel
Hinter dem Mond
Hinter dem Mondenmeer
Hinter dem Mondhäuser
Hinter dem nächsten
Hinter dem Nebel
Hinter dem noch
Hinter dem Planet
Hinter dem Planeten
Hinter dem Rankenplaneten
Hinter dem Rumpf
Hinter dem schimmernden
Hinter dem schwarzen
Hinter dem Stern
Hinter dem Sternenwerk
Hinter dem unsichtbarer
Hinter dem uralten
Hinter dem Wurmloch
Hinter den
Hinter den bunten
Hinter den dichten
Hinter den dicken
Hinter den ewigen
Hinter den Galaxien
Hinter den Kranken
Hinter den Maschinen
Hinter den Mondkratem
Hinter den Mondsegler
Hinter den nebel
Hinter den Nebeln
Hinter den Planeten
Hinter den Raumschiffen
Hinter den Sterne
Hinter den Sternen
Hinter den Wolken
Hinter der
Hinter der dunkelsten
Hinter der Milchkiss
Hinter der Milchstraßen
Hinter der Mondscheibe
Hinter der riesigen
Hinter der rohen
Hinter der schimmernden
Hinter der schwarzen
Hinter einem fuchsfarbigen
Hinter einem Kometen
Hinter einem Planeten
Hinter einem roten
Hinter einem Stern
Hinter erleuchteten Planeten
Hinter fernen Nebeln
Hinter galaktischen Wolken
Hinter glitzernden Sternen
Hinter Hoffnung schwer
Hinter hohen Gräsern
Hinter hoher
Hinterjubellend knisterte
Hinter Mars Jupiters
Hinterm dunklen Mond
Hinterm Mond
Hinterm Mond,
Hinterm Mondenschein
Hinterm nächsten Asteroiden
Hinter mondfleckem Nebel
Hinterm Zahndr
Hinter Rakete One
Hinter rasanten Sternen
Hinter schwerem Staub
Hinter sondern Gleichstellungswelt
Hinter Sterne gibt
Hinter Sternenfunkelnder
Hinter sternenhellen
Hinter Sternenstaub und
Hinter unserem Stern
Hinter verschlossenen Mondtüren
Hoch im Weltall
Hoch oben glänzend
Hoch oben im
Höchstseltsame roboter,
Hohe, bunte
Hol mich und
Hologramme flackerten
Holzkästchen entsperrt
Honigfröhlich tanzen die
Hoppla, im
Hoppla! Planetenkuh
Horch mal da
Höre, wie
Hum von einem
Hund-Dame
Hüpfend und fliegend
Hurtig hatte da
Ich bin
Ich ratete mich
Ihrem glitzernden Raumschiff
Ihrer neuen Welt
Ihr Herz flückt
Ihr Raumschiff
Im All
Im All begann
Im All fusil
Im All lagerte
Im All schwebte
Im All verborgen
Im All versteckt
Im außerirdischen Raumschiffe
Im beobachtenden 3D
Im dichten Kosmos
Im Dunkel des
Im dunkelen Raum
Im Dunkel loderte
Im Dunkeln schimmert
Im dunkeln Weltraum
Im Dunkelraum eines
Im dunklen All
Im Dunklen aussen
Im dunklen Kosmos
Im dunklen Stern
Im dunklen Weltraum
Im Dunklen Weltraum
Im Düsteren des
Im Eisbärenraum,
Im endlosen Raum
Im ewigen Nichts
Im ewigen Tanz
Im fernen
Im fernen All
Im fernen Alpha
Im fernen Galaxiaraum
Im fernen Kosmos
Im fernen Nebel
Im fernen Sternenmeer
Im fernen Sternenschatten
Im fernen Sternhexenhafte
Im fernen Universum
Im fernen Weltall
Im fernen Weltraum
Im finsteren.
Im finsteren Kaleidoskop
Im Finstern schwimmende
Im finstern Weltall
Im fliegenden Schiff
Im fliegenden Sternenhund
Im freien Raum
Im Freiraum flimmern
Im Funkelmeer der
Im Funkelstern
Im Galaktischen Wiegenlied
Imgebaut von
Im geheimen Raum
Im Geheimnisvogelkreuzen sie
Im geheimnisvollen Nektar
Im Geißbock-
Imgriffen der Aliens
Im großen
Im grünen
Im grünen Tunnel
Im heimlichen
Im hellen Weltall
Im Herzen des
Im Herzen eines
Im Himmel weit
Im Histerstein glänzen
Im Hoverbike,
Im Inneren des
Im intergalaktischen Garten
Im intergalaktischen Zoo
Im Jahr 3002
Im Kaiserlichen Galaxienreich
Im Klassenraumplaneten
Im Kometenkern leben
Im Kommandozimmer leuchteten
Im korte Stadt
Im kosmischen
Im kosmischen Schatten
Im Kosmos bilden
Im Kosmos entdeckt
Im kreischend Asteroiden
Im kunterbunten Weltall
Im leeren
Im Licht der
Im Lichte des
Im magischen Nebel
Im Mediplaneten lebten
Im Meer der
Imme errauschte Weltraumluft
Immer blinkten Sterne
Immer fort
Immerhin war das
Immer höher ins
Immer kreisende Sterne
Immer nähert Saturnraute
Immer tiefer dringt
Immerwährende Stern
Immer weiter zog
Immer wenn das
Immer wenn der
Immer wenn die
Immer wenn er
Immer wenn ich
Immer wieder
Immer wieder Blink
Immer wieder darauf
Immer wieder dehnte
Immer wieder Krachen
Immer wieder Mondabbet
Immer wollte ich
Im milchigen Weltraum
Im mitotichellem Weltraum
Im Mondkaninchenland
Im Mondkraters Wachte
Im Mondlicht funkelten
Im Mondlicht huschten
Im Mondlicht tauchte
Im Mondschein
Im Nanusraum schwebte
Im Nebel der
Im Nebel magischers
Im Nebel näherte
Im Nebel tummeln
Im Nebel versenkte
Im Nebelwirbel findet
Im Nebenuhr
Im nebligen Weltraum
Im oberen linken
Im Ozean der
Im Ozean des
Imperiale Nuller tschilpen
Im Planeten des
Im Planetenschoolbus schnurrt
Im Planetenstaub träumen
Im plastikfarbenen Planeten
ImProcessor
Im Raum,
Im Raumanzug
Im Raumschiff mit
Im Raumschiff ticken
Im Raumschiff wartete
Im Raum zwischen
Im Reich
Im Rennen mit
Im rieseng grossen
Im roten Kometen
Im Schatten des
Im schillernden Cosmos
Im schimmernden Sternenlicht
Im Schmelztiegel des
Im Schwanz der
Im Schwarzen kleinen
Im Schwarzen Loch
Im schwarzen Nichts
Im schwarzen Raum
Im schwebenden Labor
Im schwimmenden Raum
Im schwindlischen Fühler
Im secrecy
Im Signalrauschen verborgen
Im Silberglühen der
Im sonnenglitzernde Heimatkosmos
Im sorglosen Raum
Im Staub des
Im staubigen Sternen
Im Sternenlicht
im Sternenmeer
Im Sternenmeer der
Im Sternenmeer erleuchtend
Im Sternenmeer sprang
Im Sternenpuls krachen
Im Sternenschiff das
Im Sternenschleim trieb
Im Sternenstaub versteckt
Im Sternentanz
Im Stillen
Im stillen All
Im strahlenden Nebel
Im stumpfen Jet
Im Tal der
Im Taschenuniversum
Im teleportierenden Meteoriten
Im Tiefbres der
Im tiefem Universum
Im tiefen
Im tiefen All
Im Tiefen des
Im tiefen Schreben
Im tiefen Schwarz
Im tiefen Schwarze
Im tiefen Universum
Im tiefen Weltall
Im tiefen Weltraum
Im tieferen Weltraum
Im tiefsten,
Im tiefsten Weltraum
Im Traum wandelte
Im triefenden Universum
Imtsingenden Sonnnensternchen
Im unendlichen Azur
Im universitetes mechanisches
Im Universum
Im Universum der
Im Universum hinter
Im Universum stieg
Im Universum versteckter
Im Universum war
Im Uranus hörte
Im Vergleich zu
Im vivos Wertes
Im Wasser auf
Im weiten All
Im weit entfernten
Im weitesten Weltenraum
Im Weltall blühte
Im Weltall erweckte
Im Weltall fand
Im Weltall glitzern
Im Weltall hängt
Im Weltall ist
Im Weltall leise
Im Weltall schlich
Im Weltallschneckenhaus
Im Weltall schwebte
Im Weltall schwimmt
Im Weltall sehr
Im Weltall tanzte
Im Weltall tollten
Im Weltall wachsen
Im Weltall wies
Im Welt des
im Weltraum
Im Weltraum
Im Weltraum,
Im Weltraum außerirgend
Im Weltraumb sponatne
Im Weltraum dick
Im Weltraum erschnatterte
Im Weltraum findest
Im Weltraum fizikellen
Im Weltraum flogen
Im Weltraum gibt
Im Weltraum gleitet
Im Weltraum glitzerten
Im Weltraum gründet
Im Weltraum kreiselnd
Im Weltraumlabor kreischte
Im Weltraum lebten
Im Weltraum leuchtet
Im Weltraum leuchtete
Im Weltraum nebenbei
Im Weltraum nebeneinander
Im Weltraumsand
Im Weltraum sausten
Im Weltraum Schiff
Im Weltraumschiff spürte
Im Weltraumschifftraum
Im Weltraumschleichend kreisen
Im Weltraum schwebt
Im Weltraum schwebte
Im Weltraum starten
Im Weltraum still
Im Weltraum tanzt
Im Weltraum tanzte
Im Weltraum tanzten
Im Weltraum taucht
Im Weltraum tauchte
Im Weltraum wohnte
Im Weltraum zischte
Im Winkel der
Im Zauberwald des
Im zbuddelnden Universum
Im Zentrum der
In benachbarten Galaxien
In Bereiche wo
In buntgeklärten Irridiumstrukturen
Indem das Astronomisches
In dem faltigen
In dem tiefen
In dem Trillianium
In dem Weltraum
In den
In den Badeglow
In den dunklen
In den engen
In den Farben
In den  Fernen
In den finsteren
In den Galaxien
In den Galaxisweiten
In den happens
In den hohen
In den Kamelonienbecken
In den Nebel
In den Nebeln
In den Stern
In den Sternen
In den Sternennestern
In den Sternstäubchen
In den tiefen
In den Tiefen
In den Träumen
In den überwucherten
In den weiten
In den Weiten
In den Wolken
In der
In der Astronautenschule
In der Bleichlache
In der Bruchstelle
In der Dunkelheit
In der Dunkelwelt
In der dunklen
In der eigenartigen
In der endlosen
In der felsigen
In der Ferne
In der fernen
In der Fernen
In der finsteren
In der Finsternis
In der fremden
In der Galaxie
In derGalaxie
In der Galaxis
In der Galileo
In der geheimen
In der geöffneten
In der Gewölbekammer
In der Helligkeit
In der Kometenstadt
In der Kometenstaub
In der Leere
In der Luke
In der milchstraße
In der Milchstraße
In der Mitte
In der Nacht
In der Nähe
In der Nanopille
In der Nebelbank
In der nebeligen
In der neugierigen
In der Rakete
In der Raumreparaturwüste
In der Raumstation
In der Rübe
In der Sammlung
In der Schwärze
In der schwarzen
In der Schwerelosigkeit
In der Sternen
In der Sternenbasis
In der sternenglitzernden
In der Sternenhütte
In der Sternenstadt
In der Sternenstaub
In der Sternenstaubstation
In der Stille
In der stillen
In der Tasche
In der Tetraederrettungskapsel
In der Tiefe
In der tiefen
In der Tiefkörpersicherheit
In der Umlaufbahn
In der weit
In der Weite
In der Zwischenraum
In die entlegenen
In diesen Ruinen
In dieser Sternen
In die Sternenwelt
In dunklen Nächten
In einem
In einem Alien
In einem blinkenden
In einem Bündchen
In einem Farbkreis
In einem farblosen
In einem fernen
In einem Fernglas
In einem fliegenden
In einem Flugabenteuer
In einem fremden
In einem funkelnden
In einem Galaxi
In einem Galileo
In einem geheimen
In einem geheimnisvollen
In einem gewaltigen
In einem Glitzern
In einem grün
In einem klaren
In einem kleinen
In einem Kometenschweif
In einem kosenspace
In einem kosmischen
In einem Lichtjahre
In einem magischen
In einem mondlosen
In einem Nebelhauch
In einem Plastikplaneten
In einem Raum
In einem  Raumschiff
In einem Raumschiff
In einem Regenbogen
In einem Riesenraumschiff
In einem riesigen
In einem Stern
In einem Sternen
In einem sternenlosen
In einem Sternenmeer
In einem Sternenregen
In einem Sternenschiff
In einem Sternenwunderhaus
In einem tiefen
In einem Tiefraum
In einem UFO
In einem unterspokenem
In einem verstaubten
In einem versteckten
In einem weit
In einem Weltraum
In einer
In einer anderen
In einer bösen
In einer fernen
In einer fliegenden
In einer fremden
In einer freundlichen
In einer Galaxie
In einer glitzernden
In einer großen
In einer himmelblauen
In einer milchigen
In einer Milchstraße
In einer mystischen
In einer Rakete
In einer sonst
In einer sternenflammenden
In einer sternenklaren
In einer Sternennacht
In einer Sternenstadt
In einer Sternenstaubwelt
In einer Sternenwelt
In einer sternförmigen
In einer Sternwolke
In einer weit
In einer zerrissenen
In entfernter nah
In erstaunlichen Traumen
In fernen Galaxien
In fernen Sphären
In ferner Distanz
In ferner Ferne
In ferner Galaxie
In ferner großer
In ferner Zeit
In ferner Zukunft
In finsteren eines
In finsteren Tiefen
In fliegenden
In fremde Galaxien
In fremden Lichtern
In Galaxien fernen
In geborgener Dunkelheit
Inge einmal
In geheimnisvollem Weltraum
Ingerebt sanfte Melodien
In gestanklosem Nebel
In glitzernd schimmernden
In Glitzerstaub fiel
In Göttingen Corona
In kleinen Gestalt
In kühnen Tropfen
In längst vergangenen
In lichtflutenden Galaxien
In lila Nebeln
In magischer Kristallwelt
In meinem Traum
Inmitten der Galaxie
Inmitten der Galaxis
Inmitten des Sternenmeere
Inmitten des Sternenstaub
Inmitten des Weltraums
Inmitten eines
Inmitten eines funkelnden
Inmitten eines Sterns
Inmitten fliegender
Inmitten glitzernder
In mysteriöse Nebeln
Innehalb des Mondes
Innerhalb des Planeten
Innerhalb des Quatär
Innerhalb des Rauches
Innerhalb von Lichtjahre
In Raumschiff
In rechtwinkelig geschlossener
Ins All
In schwimmenden Lavaströfen
In seinen Träumen
Insekten schenkt die
Insektige Roboter erschufen
In seligen Farben
Insgeheime Gespräche
Insgeheim flüstert Asteroiden
In staunenden Augen
In Sternenklüften rosteten
In Sternen ohne
In stillen Dunkel
In tausend Lichtjahren
Intergalaktische Feen verschwand
Intergalaktische Päckchen verschickt
Intergalaktischer Riesenfisch.
InterstaraLE flüstert
Interstellare Abenteuer warteten
Interstellare Abenteurer
Interstellaren fliegende Fahrrad
Interstellare Raumschiffe fliegen
Interstellares Abenteuer
Interstellare Träume erwarten
In the early
In tiefem All
In tiefem Nebel
In tiefem Weltraum
In tiefer Dunkelheit
In tiefer galaxie
In tiefstem All
In unendlicher Ferne
In weiter Fema
In weiter Ferne
In weiterGalaxie Tanja
In weiter weite
In weiter weiten
In weiter Weltraum
In Weltraumenschiffsgriff
Inzwischen der Mond
Inzwischen des Mondes
Inzwischen oben im
Inпaid sagenhaften Planeten
In গ면에 Rendezvous
Irgendein Nichtselchen fliegt
Irgendwann am Umlaufbahnrand
Irgendwann kommt ein
Irgendwie für den
Irgendwo auf Plan
Irgendwo da draußen
Irgendwo hinter den
Irgendwo im All
Irgendwo im Weltall
Irgendwo im Weltraum
Irgendwo in den
Irgendwo in der
Irgendwo jenseits der
Irgendwo über dem
Irgendwo zwischen den
Irgi bitten um
Ironpacolin Würmlein
Irrensuhlenrobel Rocky Rutscht
Irrliche fahren los
Irrlinge durch die
Ist dir jemals
It's
Itzi Klüger Tuluka
izyu ayoshi leuchtsto
Jäh war alles
Ja schon dichtete
Jasmina'wagen
Jeden Abend
Jede Nacht flog
Jeden Freitag startete
Jeden Morgen
Jeden Tag
Jeden Tag einen
Jeder Monde strahlt
Jeder sechs Jahre
Jeder Stern ein
Jeder Stern erzählte
Jeder Stern hat
Jeder weißtzwergenfan kennfte
Jedes Kind träumt
Jedes Sternchen erbl
Je hüpfenden Sprüher
Jener strahlende
Jenseit des Weltalls
Jenseitige Lichtstrahlen tanzten
Jenseits aller Träume
Jenseits der
Jenseits der galaktischen
Jenseits der Galaxie
Jenseits der Galaxien
Jenseits der Galaxis
Jenseits der letzten
Jenseits der Lichtjahre
Jenseits der Milchstraße
Jenseits der Planeten
Jenseits der Saturn
Jenseits der Sonnensysteme
Jenseits der Sterne
Jenseits der sternenhellen
Jenseits der Wolken
Jenseits des
Jenseits des blauen
Jenseits des die
Jenseits des Nebels
Jenseits des Schwarzen
Jenseits des Sternen
Jenseits ferner Planeten
Jenseits Hyperraumtoren blinkten
Jenseits von Stern
Jetzl landet der
Jetzt flogen die
Jetzt flunkerten plötzlich
Jetzt klingelten
Jetzt knuspert das
Jetzt trudelten Sterne
Jetzt, zwischen
Jocki und seine
Josef gestrichener Haufen
Journey asteroid,
Juhu, ein
Junge Aliens entdecken
Junger Marsumrat entpackt
Jupiter die Puzzlesaugräubt
Jupiter lächelte hinunter
Jupiter mit tibetischen
Jupiters Schatzkammer verliert
Jupiters Stürme raunten
Juwelierte Alien.
Kablerodiack rasende Kometenste
Kalliope, die
Kam der Traktor
Kann ich noch
Kapherdrevnos schüttelte leicht
Kapitänen interstellarem Kinderzeit
Kapitänin Luzius
Kapitän related sich
Katz Da-
Katze funkelte
Katzen wandern heute
Kaum am Sternenschiff
Kaum hörbare tief
Kaum zu glauben
Keine Sterne blinken
Kein Licht
Kein Mensch vermochte
Kein Sternenstaub tat
Keramsumen flüstern
Keuchend hinterlässt
Kichernde Aliens
Kiffare unsere Laute
Kirilismus gefruchteter Stich
Kissender Stern in
Klappernd, wie
Klar Kyber Kristall
klatschnässenpute ist ein
Klebrige Finger der
Klebriger Zucker und
klebte eine Raktenanzberg
Klein, aber
Klein aber mutig
Klein aber mutiger
Klein der Raum
Kleine Abenteurer starten
Kleine Aliens im
Kleine Aliens lächelten
Kleine Astronauten flüsterten
Kleine Astronauten wanderte
Kleine Astronautin
Kleine Bergkatze schaut
Kleine Drachen
Kleine Drachen flogen
Kleine Erdkugeln
Kleine extraterrestrische Kreaturen
Kleine Fähre landet
Kleine Finger zitterten
Kleine Füße in
Kleine grüne Alien
Kleine grüne Aliens
Kleine Hände fanden
Kleine irrende Asteroidengukon
Kleine Kamele springen
Kleine Kometen
Kleine Mensch vor
kleine Monde,
Kleine Noria
Kleine Rakete
Kleiner Astronaut
Kleine Ratte flog
Kleine Raummonster
Kleine Raumschiffe
Kleine Raupenflagein
Kleiner Außerird.
Kleiner Manko gaben
Kleine Roboter
Kleine Roboterfliege
Kleine Roboter flüsterten
Kleine Roboter tanzten
Kleiner Rakete einiger
Kleiner Roboter Alice
Kleiner Schmerz fühlt
Kleiner Sternenkitzler im
Kleiner Treuethertriebger als
Kleine Schiffe werden
Kleines Kind trifft
Kleines Raumschiff zittert
Kleine Sterne strahlten
Kleine Sterne tanzten
Kleine Wasserfallströmungen funkelten
Kleine Welten sehen
Kleine Zufugsfall verirrte
Klein Karot beträgt
Klein Planke fuhr
Kleliser Felik blubbert
Klick des Raumschiffkontaktwerk
Klingende Planeten schwingen
Klingklömm Klöck Drei
Klirrend auf Eisblumen
Knalliger Sternenflug führte
Knirschend unsichtbares Gras
Knisternde Funken
Knisternd lebte sich
Kometenfetzen schießen
Kometen flüstern im
Kometenhören
Kometenkinder hüpften auf
Kometenschweife taumeln
Kometenschweif wibbelte
Kometenstaub sammelt
Kometen staunten täglich
Kometentraum
Komet rennt zum
Komet schoß शक
Komet voller Traurigkeit
Komische Kreaturen
Komischer gefleckter Marsian
Komische Sternenstrudel wirbelte
Komische Unregelmäigkeiten vom
Komm
Kommandant Kugelstern ließ
Komm, hilf
Kommt die Bombe
Kommt ein Rumpelin
Kommt kein
Konfetti am
Konstellationen tanzten leicht
Körner purzeln Ben
Kosmícisch gezeichnetes Reisbett
Kosmische Abenteuer bellebe
Kosmische Donut Freundschaft
Kosmische Geheimnisse einer
Kosmische Geheimnisse erzählen
Kosmische Geister erkundeten
Kosmische Katzen huschten
Kosmische Reise beginnt
Kosmischer Hut
Kosmischer Nachtkäfer klebt
Kosmischer Raumasteroid
Kosmisches Krabbeln folgenschwirr
Kosmische Züge quietschen
Kosmo frag kam
Kostics, der
Köstliches Aliensnack
Kraftvolle Laserstrahl nach
Krallen klettern
Kraterübend leuchtend
Kräuselnder Sternenstaub hilft
Kreisel aufplant
Kristallene Interstellare Katzen
Kristallschiffe im Dunkeln
Krokodile singen
Krüßel ja einige
Kunterbunte Aliens
Kurz vor dem
Lächelnd ging der
Lächelte die Fee
Lächelt gierig das
Lachende Rotnebel zogen
Lachend tanzt ein
Lachend trieben Planeten
Lachen kam denn
Lande Kinder,
Lange bevor die
Lange nach
Langer Tunnel führte
Lange vor dem
Lange vor den
Lange Zeit
Lange Zeit anders
Langsam driftend neben
Langsam entfernte sich
Langsam entweicht dem
Langsam flog das
Langsam hintermirdotzend
Langsam landete die
Langsam näherte
Langsam schneidden rental
Langsam schwebte die
Langsam schwebt Karin
Langsam segelten die
Lärmender Kosmos Klangverwirrung
Lass den Drachen
Lass den grünen
Lass die Sau
Lasso anst her
Lass uns Abenteuer
Lass uns fliegen
Lass uns los
Laut dröhnt warf
Lautlos schwebte ein
Lebendige Sterne leuchteten
Lebendige Zweiicht geplant
Lebend wenn du
Leblose Exoplaneten
Lebt das Universum
Leichtes Raumschiff-
Leise fliegen.
Leise glitzern dort
Leise glitzerten Sterne
Leise iconic lieben
Leise knistern die
Leise knisterten die
Leise schlug die
Leise schwebt
Leises Klingeln
Leise summet
Leise summte das
Leise summten Pläsentervon
Letzte Bagge wenige
Leuchte fliegt aus
Leuchtende Blumen wuchsen
Leuchtende Galaxien glitzern
Leuchtende Gaspunkte
Leuchtende Monde glitzern
Leuchtende Planeten tanzten
Leuchtende Planeten verborgen
Leuchtende Planeten waren
Leuchtende Raumriesen
Leuchtende Raumschiffe
Leuchtender Doppelstern
Leuchtender Komet erschien
Leuchtender Sternengleiter
Leuchtende Sterne
Leuchtende Sterne als
Leuchtende Sternen krabbelte
Leuchtende Wirbel eines
Leuchtend gefellige Sternschnupper
Leuchtend glücklich griff
Leuchtend liegt der
Leuchtend rote Galabats
Leuchtend Sterne
Leuchtend wie Sternchen
Leuchtete heller noch
Leuchteten im Dschungel
Leuchtet taxa Rakete
Leuchtsternen tauchen auf
Leute purpurne Nebel
Lexi entschloss Pinke
Lichtblitze schossen den
Lichtblitze tanzen ├
Lichter durch die
Lichter funkelten im
Licht fliegende Söhne
Lichtflocken fielen zu
Lichtgeschwindigkeit rasch oft
Lichtgeschwindig wanderte
Lichtjahre entfernt
Lichtjahre entfernt lebten
Lichtjahre entfernt leuchtet
Lichtjahre ferne
Lichtjahre flossen vor
Lichtjahre galaktische Geburt
Lichtjahre plätschern ab
Lichtjahre von unser
Lichtjahre weit entfernt
Lichtpfade durch den
Lichtstrahlen tanzten
Licht tanzen
Lichtwesen tanzten im
Liebe Freunde des
Liebe Schwesterchen
Liegen die Sterne
Ließen starteten ihre
Lila Gesichter zucken
Lila-hell
Lila Meteore flogen
Lila wirbelt im
Lila Züge tirarunas
Limonen farbenfroh
Lokalbeiniger Roboter sprang
Los pirate und
Lösung für Sternenbegeisterte
Lucia träumte von
Lufttakes geben den
Luke denkt ich
Luke quiets ich
Lumos Schatten fingen
Lunarrakete Exponieren der
Lunas Sonne war
Lupe vom Andromeda
Lustiger Riese
Lustige Weltraumkinder
Lustig grinsender Rover
Mach mal wieder
Mächtige UFOs
Magie im Universum
Magische Engel im
Magische Enter_idn schießen
Magische Komet
Magische Kompass zeigt
Magische Leuchtpunkte in
Magische Leuchtwingid,
Magische Menschenwunder
Magische Meteore segelten
Magisches Sternchen
Magische Staubkörner tanzten
Magische Stern
Magische unsichtbare Nebelflüsse
Magische Weltraumkugeln reisen
Magisch glitzerte
Magisch glitzerte die
Magnetische Pulse zogen
Maiglöckchen Märzren Strom
Mäkele Kristallener
Malte Bean
Mama fresherGalaxy tup
Manchmal hört man
Manchmal leise fauchten
Manchmal zischte Magma
Märchenbuff Er wird
Marmoriert mit Wolke
Mars dirait-
Martian headphones
Matches Nacht und
Mattressen scheinen Platt
Mehr als egal
Mehrere Roboter
Meine Freundinôtsu spürte
Meine Geburtstagsfeier auf
Meine Welt  Auen
Mein, ich
Melodische Astronauten tanzen
Melodisch singt ein
Menschenstärken daherzig
Mensch keine Sprache
Merkurwolken schwirr
Merkwürdige kleine Monster
Metalisches Echo tönt
Metall gleitet leise
Meteoren weinen.
Meteoriten tanzten
Meteoritenträller jetzt
Mia und ihr
Mietpferdalok autobiografischClub
Mike leputzte seine
Mikrokogon zündet Stiefel
Mikro Kosmos befohl
Mikroskopisch kleine Raumfahrer
Mila fand im
Milchkommunikationsbündel auflöst.
Milliarden Kilometer entfernt
Milliarden Lichtjahre
Milliarden Lichtjahre entfernt
Millionen Jahre vorher
Mimimi plappert der
Misteréon klappernd und
Mister Fabelhafte hatte
Mister Roboter
Mit
Mit Astronauten unterwegs
Mit Augen im
Mit blinkenden Sternen
Mit bunten Wünschen
Mit dem Laser
Mit dem meteoriten
Mit dem Raketenschlauch
Mit dem rasselnden
Mit dem Raumzeugtschreiner
Mit dem Sand
Mit dem Teleskop
Mit dem Tricorder
Mit dem Weltraum
Mit den Außerirdischen
Mit den Flashflie
Mit den Flügelfüßen
Mit den Kommeten
Mit den kybernetischen
Mit den Leben
Mit den Meergötten
Mit den Schlingern
Mit der rakete
Mit der Rakete
Mit donnerndem Motor
Miteinander schwebend im
Mit einem
Mit einem astronautischen
Mit einem blauen
mit einem Blinken
Mit einem blinken
Mit einem blinkenden
Mit einem Blinzeln
Mit einem Blitz
Mit einem Blitzeinstieg
Mit einem blubbernden
Mit einem Blut
Mit einem Explosion
Mit einem freundlichen
Mit einem Funken
Mit einem galaktischen
Mit einem geheimnisvollen
Mit einem gesehenden
Mit einem gewaltigen
Mit einem großen
Mit einem guten
Mit einem Hello
Mit einem jähen
Mit einem kitzelnden
Mit einem kleinen
Mit einem Klick
Mit einem Knack
Mit einem Knall
Mit einem Kometen
Mit einem Krachen
Mit einem Kratzen
Mit einem Krümel
Mit einem Lächeln
Mit einem lauten
Mit einem leisen
Mit einem letzten
Mit einem leucht
Mit einem leuchtenden
Mit einem Leuchtschild
Mit einem Lichtstrahl
Mit einem Magnet
Mit einem Mal
Mit einem Male
Mit einem Meteor
Mit einem mutigen
Mit einem naseweihlichem
Mit einem Pipp
Mit einem plötzlich
Mit einem plötzlichen
Mit einem Quietsch
Mit einem Quietschen
Mit einem Raketen
Mit einem Raketenanzug
Mit einem Raketenrucksack
Mit einem Raptor
Mit einem Raumanzug
Mit einem Raumschiff
Mit einem Raumtelefon
Mit einem Rauschen
Mit einem Riesenjubel
Mit einem Riesenluftballon
Mit einem Riesensprung
Mit einem Ruck
Mit einem Saugermal
Mit einem Sprung
Mit einem Sternenauge
Mit einem Sternenblick
Mit einem Sternschnuppe
Mit einem Sternschnuppen
Mit einem Strahl
Mit einem turbulentur
Mit einem uralten
Mit einem verschluckten
Mit einem Winkeln
Mit einem Zauberstab
Mit einemि
Mit einer flüssigen
Mit einer lustigen
Mit einer quietschenden
Mit einer Rakete
Mit einer Sternschnuppe
Mit einer Zeitmaschine
Mitem fliegenden Raumschiff
Mit Feldblumen fahren
Mit Feuerieseln kam
Mit Fe uploaded
Mit flauschigen Alien
Mit fliegenden Pferden
Mit frischen Sternenstaub
Mit frosigen Fingerspitzen
Mit fünf Planeten
Mit funkeln Astronaut
Mit funkelnden Augen
Mit funkelnden Flossentoten
Mit galaxibiscu wirbel
Mit geblender Taste
Mit gebrochenem Herz
Mit gigantischen Röntgen
Mit großen Augen
Mit groβen Augen
Mit grünen Augen
Mit grüner Farbe
Mit Hand auf
Mit Helm und
Mit ihrem neuen
Mit Kometen schwimmen
Mit lautem Getöse
Mit lauten
Mit Lichtgeschwindigkeit
Mit Löwen durch
Mit quietschenden Rädern
Mit Rakete im
Mit Raketen freunde
Mit Rakettensprung
Mit rasendem Tempo
Mit Rasenmäher im
Mit raummasernten Leidenklind
Mit Rucksack
Mit Schwestern zweiten
Mit schwung wird
Mit seinem
Mit seinem Raumblei
Mit seinem Raumzeugt
Mit sicheren Astronauten
Mit spektakulären Scierei
Mit Sternendreck hinaus
Mit Sternenstaub auf
Mit Sternenstaub im
Mit Sternenstaub verzaubert
Mit Sternentaucherei fühlte
Mit Strahlenblumen verlies
Mit strahlenden Augen
Mitte im All
Mitten auf dem
Mittendrin der Schwarz
Mittendrin funkelt der
Mittendrin im Nebel
Mittendrin im Sternenreich
Mitten im
Mitten im All
Mitten im Galaxie
Mitten im Nebel
Mitten im Sonnengesang
Mitten im Universum
Mitten im Weltraum
Mitten im Zentrum
Mitten in der
Mitten in einem
Mitternächtlich die Zwergengurke
Mitternachtslicht knisterte grün
Mittsommer war es
Mit unergründlichen Galakthen
Mit wackelnden Gleichlinietiedeltern
Mit winzigen Asteroiden
Mobst tuk die
Möchtest du mit
Möglicherweise leuchtete der
Moin klopfender Robot
Mondbär tanzte fröhlich
Mondblumen blühten
Mondblumen wachsen gerade
Mondlichend Licht erfüllte
Mondlichen Träumen im
Mondmaschine und sie
Mondmaus springt hoch
Mondpolizei wachte vor
Mondran niveau Der
Mondschein kroch durch
Mondstäubchen leuchten
Mondstaub raschelte leise
Monsteräugige Rätsel wanderten
Moonians dann plötzlich
Moos auf dem
Morgens vague Sonnenstrahlen
Morgen Zauber tanzten
Müde aber Neugierig
Müde Himmelsblase
Mümmelte der
Muntere Sterne tanzten
Murmeln außerhalb der
Murmelt man zwischen
Mutige Prinzessin startet
Mutig und neugierig
Mutter des Rats
Muttersterne leuchteten
Mützchen marschiert weiter
Mut zum Weltraum
Mysteriöse Begebnisse erfüllte
Mysteriöse Botschaften empfange
Mysteriöse Geheimnisse
Mysteriöse Grüße signierten
Mysteriöse Leuchtende Kometen
Mysteriöse Lichter flogen
Mysteriosen Nebels kroch
Mysteriöse Raumforscher entdecken
Mysteriöse Ringe umkreisen
Mysteriöser Sucher durchstreifte
Mysteriöse Sternenlichter
Mysteriöse Stimmen
mysteriöse Wesen traumten
Mysteriöse Zeichen erschienen
Mysterische Leuchtbälle tanzen
Mysteröse Welten warfen
Mystionale Vogel fliegen
Mystische Feuerneben beginnen
Mystische Planetenhüpfer
Mystische Sternwandler
Mystische Wolke
Mystisch Sonic unsichtbar
Mystisch war der
Nachdem die Rakete
Nachdem die Sternsprünger
Nach dem großen
Nachdem unbemannte UFO
Nachdenklich starrte sie
Nach einer langen
Nachem viele Meteo
Nach Mitternacht mit
Nachts am Fenster
Nachts an den
Nachts auf
Nachts höbeb Kalio
Nachts im Weltraumende
Nachtspark auf
Nachts schaute
Nachtsternen um
Nah den Rollstlranzelern
Nahe an
Näheres
Na klar
Nana im Weltraum
Nanu hier auf
Nebelflosse hinduist sein
Nebelhafte Dimensionen glommen
Nebel im All
Nebelschwaden
Nebel waberen über
Neben dem funkelnden
Neben dem Kometen
Neben dem Nebel
Neben dem richtigen
Neben dem roten
Neben dem Ufo
Neben dem verlassenen
Neben den krater
Neben den Planeten
Neben der
Neben der Riesenqualle
Neben einem dunkel
Neben einem Meteoriten
Neben einer fernen
Neben einer Mondgrotte
Nebler kämpfender Glanz
Nebuläre Dornröschen ergreifen
Nein, du
Nein es flüsterte
Nein gab eine
Nein hacknox'
Nein kleine
Nein, Warum
Nelly sauste eilig
Neonfarbene Laserstrahlen
Neue Abellon auf
Neue Freunde erwarten
Neue Länder neben
Neue Planet,
Neue Planeten entdeckeln
Neues Leben findet
Neue Vielzähne sich
Neue Welten sind
Neugelbes Kosewengerl knorrtete
Neugier der Anführer
Neugierig der
Neugierig, der
Neugierig durch die
Neugierige Alienfinger berührten
Neugierige Augen
Neugierige Außerirdische treffen
Neugierig eine unbekannte
Neugierige Kometen flatterten
Neugieriger Centurant im
Neugierig erwachte die
Neugierig furent die
Neugierig hinter einer
Neugierig hoppelte Robin
Neugierig im Weltraum
Neugierig kiteten sie
Neugierig klicken
Neugierig klopfte der
Neugierig Raketenschießen.
Neugierig schaute Meteoriten
Neugierig strömte die
Neugierig tastete
Neulich in
Neun fliegende Komet
News drahn der
Nichts ahnend tauchten
Nichts anderes konnte
Nichts außer Wolken
Nichts hatte
Nichts schien normal
Niemand dachte
Niemand dachte je
Niemand konnte ahnen
Niemand wusste,
Niemand wusste dass
Niemand wusste wo
Nie werden Sterne
Niklas bisschen eines
Nimm Taschenlaterne
Noch feuriger als
Noch nie erwählte
Noch nie gesehen
Noch nie gesehenes
Noch nie sah
Noch ungewöhnlicher als
Nomi das Maus
Novembernacht Überraschung
Nur über ein
oben am dunkelsten
Oben auf dem
Oben in den
Oben tauchte das
Ober den galaxies
Oberst Karl von
Obwohl bei den
Obwohl die Milchstraße
Obwohl die Raketen
Obwohl es
Obwohl es niemand
Obwohl jene nicht
Obwohl sie klein
Obwohl wir niemals
Oden Nebenlagen
Oder war es
Offensichtlich, den
Öffne deine Augen
Oh, dann
Ohne Alarm nervt
Ohne die Rakete
Ohne ein zögern
Ohne es zu
ohne es zuzusehen
Ohne festes Ziel
Ohne Funksprechschiffchen  glüht
Ohne Geräusch die
Ohne jegliches Geräusch
Ohne Planetenbank
Ohne Seele kommt
Ohne Vorwarnung
Ohne Vorwarnung platzte
Ohne Warnung fiel
Ohne zu ahnen
Ohren des grünen
Ohren gespannt
Ohren widerspenstig nicht
Oh wait talk
On a still
One weepy wohnte
Onkel Pluto sagen
OrphanDK Sterne komm
Outro-Apex
Outsiders in der
Pallo gibt ngendeine
Pandas im Weltraum
Papageibaum im Weltraum
Papageien tanzen
Papagei Pluto flog
Paperschiffchen segelte
Paularni auf
Perplexe Sterne hinterließen
Petter und Franka
Pfeilschnell überlagerte
Pferdchen fliegt munter
Pferdkamele nebelte
Pflanzenaus dem unglaublichen
PFLATZ FLUXFLORIFKRIFFELN
Pflaume und dass
Pflugraum zwischen Sternen
pfoten dicht an
Phantastische Raumschiffe unternehmen
Phasen Der Sternschullehrer
Phoenix Sterngeist
Photonen sternhagelten
Ping perfuse  how
Pingpong planeten huschten
Pinguine auf der
Pinguine surfen
Ping und Pong
Pinke Pille snackt
Pins un wirbelten
Pippindoof wandert Gesundheits
Piraten des Alls
Piraten fliegen durch
Piraten im All
Piraten jotten Stern
Piraten kämpften im
Piraten segelten durch
Piraten vom Nesial
Piraten zwischen
Piraten zwischen den
Pitt sich mit
Pixelnden Sternenschimmer
Planeetenlicht ergriff das
Planet der
Planet der Pumuck
Planetdfleke Mond
Planet drei im
Planetenflug in einen
Planeten grüßen leise
Planeten hoppen konnte
Planeten, Mond
Planetenrebellen ergreifen
Planeten schwebten harmonisch
Planetenstrümmer fliegen
Planeten wandern Neugierig
Planet erforscht hatte
Planet exotisch leuchtet
Planet in cells
Planetobeobdeckung öffneten
Planet Safari:
Planet schwankte wie
Planoivadott spektakuler in
Platzen vor
Pling platsche Pling
Plop – ein
PLÖP! fiel
Plöpp macht das
Plopp machte der
Plötazie Planetenfahrenkids
Plötzlichappear
Plötzlich auf dem
Plötzlich auf der
Plötzlich auftauchte ein
Plötzlich auftauchte Rakete
Plötzlich auftretendes Feuerball
Plötzlich aus
Plötzlich aus dem
Plötzlich begann das
Plötzlich begann die
Plötzlich benötigt Fluchtmittler
Plötzlich bewegte sich
Plötzlich blendet
Plötzlich blieb das
Plötzlich bliebt der
Plötzlich blinkte
Plötzlich blinkte aus
Plötzlich blinkte das
Plötzlich blinkte der
Plötzlich blinkte ein
Plötzlich blinkt ein
Plötzlich blinkten Lichter
Plötzlich blinkten Sterne
Plötzlich blinkten unbekannte
Plötzlich blitzt der
Plötzlich blitzte das
Plötzlich blitzte der
Plötzlich blitzte ein
Plötzlich blitzten die
Plötzlich das Raum
Plötzlich das Raumschiff
Plötzlich den Mond
Plötzlich, die
Plötzlich dunkelte auf
Plötzlich durchbrach
Plötzlich durchbrach ein
Plötzlich durch das
Plötzlich, ein
Plötzlich ein blauer
Plötzlich ein Blaus
Plötzlich ein Blitz
Plötzlich eine Stimme
Plötzlich ein Flügelschlag
Plötzlich ein Funke
Plötzlich ein Funkgeräusch
Plötzlich ein Leuchten
Plötzlich ein Licht
Plötzlich ein Lichtstrahl
Plötzlich ein Meteor
Plötzlich ein Signal
Plötzlich ein vergrößertes
Plötzlich ein Wurmloch
Plötzlich ein Zischen
Plötzlich entdeckte der
Plötzlich entdeckte die
Plötzlich entièrement Schaudersche
Plötzliche Quasarstürme
Plötzlich erblickte das
Plötzlich erglühten Raketen
Plötzlich erkennen wir
Plötzlich erleuchtet das
Plötzlich erleuchtete der
Plötzlich erscheint der
Plötzlich erscheint ein
Plötzlich erschien
Plötzlich erschien,
Plötzlich erschien der
Plötzlich erschien ein
Plötzlich erschien eine
Plötzlich erschienen Aliens
Plötzlich erschienen blitzende
Plötzlich erschienene Raum
Plötzlich erschienen glitzerne
Plötzlich erschienen viele
Plötzlich erschien in
Plötzlich erschient ein
Plötzlich erscholl eine
Plötzlich erstrahlte die
Plötzlich erstrahlte ein
Plötzlich erstrahlten im
Plötzlich erstrahlt im
Plötzlich erzählte Raum
Plötzliches Licht flimmert
Plötzlich explodierte das
Plötzlich explodierte der
Plötzlich explodierte Sternenstaub
Plötzlich fällt Mario
Plötzlich färbten sich
Plötzlich fiel
Plötzlich fiel das
Plötzlich fiel der
Plötzlich fiel ein
Plötzlich fielen die
Plötzlichfiel sternenstaub
Plötzlich fing das
Plötzlich. fliegende
Plötzlich fliegend weit
Plötzlich flimmerte das
Plötzlich flimmerte der
Plötzlich flinker über
Plötzlich flippte
Plötzlich flitzte ein
Plötzlich flitzten Sterne
Plötzlich flog
Plötzlich flog der
Plötzlich flog die
Plötzlich flog dieser
Plötzlich flog ein
Plötzlich flog eine
Plötzlich flogen
Plötzlich flogen bunte
Plötzlich flogen tausend
Plötzlich flogen über
Plötzlich flogen viele
Plötzlich flog jemand
Plötzlich flog sie
Plötzlich flüstert der
Plötzlich flüsterten die
Plötzlich Frühstückstalers
Plötzlich funkelte
Plötzlich funkelte der
Plötzlich funkelte ein
Plötzlich funkelten
Plötzlich funkelten die
Plötzlich funkelten Sterne
Plötzlich ging der
Plötzlich gleißte ein
Plötzlich glitzerte
Plötzlich glitzerte der
Plötzlich glitzerten Sterne
Plötzlich glitzertet
Plötzlich glommen Lichter
Plötzlich glühende Planeten
Plötzlich gruselten
Plötzlich hörte er
Plötzlich hörte man
Plötzlich hupte
Plötzlich, im
Plötzlich im Mondschein
Plötzlich im Nichts
Plötzlich im Ukraine
Plötzlich im Weltraum
Plötzlich im Weltraumenterfindet
Plötzlich in der
Plötzlich ist Alles
Plötzlich kam ein
Plötzlich kam vom
Plötzlich kicherte die
Plötzlich kleine Raumfahrer
Plötzlich klingelte der
Plötzlich klingelte es
Plötzlich klingelten echte
Plötzlich klopfte etwas
Plötzlich klopften an
Plötzlich knipselte der
Plötzlich knisterte der
Plötzlich kommen.
Plotzlich könückte der
Plötzlich kreischte
Plötzlich kreischte der
Plötzlich kurze beep
Plötzlich lachte
Plötzlich lachte ein
Plötzlich landen willensstark
Plötzlich landete der
Plötzlich lautes Piepen
Plötzlich lebendige
Plötzlich leuchtend Monde
Plötzlich leuchtet
Plötzlich leuchtet das
Plötzlich leuchtet der
Plötzlich leuchtet die
Plötzlich leuchtete
Plötzlich leuchtete das
Plötzlich leuchtete der
Plötzlich leuchtete ein
Plötzlich leuchtet ein
Plötzlich leuchtete Licht
Plötzlich leuchteten
Plötzlich leuchteten die
Plötzlich leuchteten Sterne
Plötzlich leuchtete Sternlicht
Plötzlich löste sich
Plötzlich machte sich
Plötzlich materialisierten
Plötzlich meldet sich
Plötzlich mitten im
Plötzlich nahm die
Plötzlich neben
Plötzlich öffnet sich
Plötzlich ohne Meinung
Plötzlich Pinguin
Plötzlich ploppte
Plötzlich plötzlich heftiger
Plötzlichquietschen aus
Plötzlich raschelte das
Plötzlich rosa Farben
Plötzlich rote Maske
Plötzlich sah
Plötzlich sahen sie
Plötzlich sah ich
Plötzlich sah man
Plötzlich sah sie
Plötzlich sank
Plötzlich schießt ein
Plötzlich schimmerte
Plötzlich schimmerte Licht
Plötzlich schimmerten kleine
Plötzlich schlug der
Plötzlich schniefte der
Plötzlich schoss
Plötzlich schoß der
Plötzlich schoss ein
Plötzlich schoß eine
Plötzlich schrie der
Plötzlich schwebte
Plötzlich setzte sich
Plötzlich sinkt die
Plötzlich später
Plötzlich spielte der
Plötzlich spielte die
Plötzlich spielt Musik
Plötzlich sprach der
Plötzlich sprang das
Plötzlich sprang der
Plötzlich sprang ein
Plötzlich sprangen
Plötzlich sprudelte dunkle
Plötzlich spürte ابو
Plötzlich stieg der
Plötzlich tat
Plötzlich taucht
Plötzlich tauchte
Plötzlich tauchte auf
Plötzlich tauchte der
Plötzlich tauchte ein
Plötzlich tauchte eine
Plötzlich taucht ein
Plötzlich tauchten
Plötzlich tauchten kleine
Plötzlich tauchten sondern
Plötzlich tauchte Raumschiff
Plötzlich taumelt
Plötzlicht gab es
Plötzlich tobte im
Plötzlich traf sie
Plötzlich tummelte sich
Plötzlich Überraschende Lichter
Plötzlich über uns
Plötzlich und
Plötzlich vergessen Planete
Plötzlich verschwand der
Plötzlich verschwindete die
Plötzlich verzauberte das
Plötzlich von dem
Plötzlich von der
Plötzlich war
Plötzlich war alles
Plötzlich war die
Plötzlich zerspringt der
Plötzlich zetert ein
Plötzlich zischte der
Plötzlich zog der
Plötzlich zog ein
Plötzlichzufuhrt unbekannte
Plötzlich zwei Weihnachten
Plötzlich zwischen den
Plötzlich فارسی Planet
Plotzoid der kleine
Plumpe Außerirdische
PLUMPLKISPLONK FLUFFETTET
Plüschsterne ploppeten
Plutatkopf jeden Abend
Pluto vibrierten Weltlichtern
Poesbild und ein
Pop-Flammenspur
Prächtige Weltenraum Urlaub
Prinzessin Sora wundert
Prinzessin Stella wollte
Professor Comet erzählte
Profitiert auch mit
Provokative Listiantee Katzenkuchen
P strallendes Sternenstaub
Pudersterns Verdauung
Puff oder Popeln
Pulsieren des
Pulsierende Sterne,
Pulsierendes Universum war
Pünktlich bei ersten
Pünktliches Hoch wandert
Pura, die
Purpurne Sternenschaukeln im
Purpurrote Türme ergaben
Puzzling launch from
Pyjama schwebte.
Quackende Mondbären frevelten
Quakka klingelte laut
Quecksilber aus dem
Quer durch
Questionnete der
Quietschschlappert eine Aliena
Quietschstern sters nah
Rabendfeuerstern Jubiliert
Rädchen summten argwöhnisch
Radieschenwürstchen hauchten zu
Raeumliche Sprünge durch
Rafi flog ins
Rahan flirtete
Rakete im Gartenland
Raketenenten flogen dahin
Rand Mond Orbit
Randvoll gefüllter Raum
Rasch ländete er
Rasende fliegende Erdbeeren
Rat benach,
Rätsel gelöst wird
Rätselhafte Galaxien
Rätselhafte Mondstrahlen leuchten
Rätselhafte Monster
Rätselhafte Signale funkten
Rätselhafte Signale von
Rätselhafte Weltraumwelten erkennen
Räuberische Flotten flogen
Raubwintern neden Kletterwettwerben
Rauf auf den
Rauf aufs Raumschiff
Raumbienen summten leise
Raumdiebe abgeschreckt aufzuwachen
Raumeinbaumautomatischer Planet
Räumeschlange zieht Ringe
Raumfahrer Paul träumten
Raummonster und
Raumschiffe Wohnhaus der
Raumschiff kippt
Raumschiff leuchtete hell
Raumschiffpinguine
Raumschiff- Rally
Raumschiff schnurren die
Raumschiff schwebt über
Raumschiffs Erde Reise
Raumstaaten kämpfen.
Raupe die ihre
Rauschend unter
Rauschen im Äther
Reagiert auf einen
recommended for space
Red RockPlanet
Regen aus Sternenstaub
Reise des kleinen
Reisen durchs Alles
Released flipped smoked
Reparaturrobot bricht.
Rettet den kleinen
Rette uns die
Rhythmen funkel wildes
Richte dein Teleskop
Riesen auferstanden im
Riesen Flammentanz regierte
Riesenfledermäuse im All
Riesengroße Linsenaugen schauten
Riesengroße Raumkatzen
Riesengroße Schmetterlinge
Riesenhafte Monde erhellten
Riesenplaneten tänzelten
Riesenraumsisch Theoretiker sagte
Riesen Roboter
Riesenspronker schoss entgegen
Riesen Sternenmänner
Riesen tauchen niemals
Riesen von außer
Riesig das war
Riesige Alienaugen blitzt
Riesige Aliens flüsterten
Riesige Aliens Schritte
Riesige Blese erfüllte
Riesige fliegende
Riesige Geheime Sonde
Riesige Gestalten erscheinen
Riesige glubschige Äste
Riesige Gummipineta tanzten
Riesige Kreutzfahrt
Riesige Kreuzer
Riesige Lavafelsen im
Riesige Monde kulleren
Riesige Monde skizzierten
Riesigen fliegenden Dinosaurier
Riesige Planeten kreisten
Riesige Planeten kugelten
Riesige Plattiform
Riesige Räder im
Riesige Raketen
Riesiger Antrieb vor
Riesiger Asteroid
Riesige Raumkröten hüpften
Riesige Raumschiffe
Riesige Raumschiffe fliegen
Riesige Raumschiffe tanzten
Riesige Riesenkatzen
Riesige Ringe leuchten
Riesiger Mondhase:
Riesiger Mondlauf vorbei
Riesige Roboter betraten
Riesige Roboter flogen
Riesige Rocky
Riesige Schwarze Löcher
Riesige Sterne
Riesige Sterne bewachten
Riesige Sterne fliegen
Riesige Sterne leuchten
Riesige Sternenflot
Riesige Sternenteufel geistern
Riesige zugeordnete Galaxie
Ring Planeten wird
Ringsestrebt viel stetigerülsen
RINGSUM STERNNE STRAPZT
Rituell der Wirtenschaft
Roboter führen ihre
Roboterhochzeit zwischen sich
Roboterkinder an der
Roboterkind wachsen
Robotern im Weltraum
Roboter rollten verwirrt
Roboterschiffchen röckelt durchs
Robotisch rechnet Planet
Rock alien planet
Rocket rauschte durch
Rollen tanzten gigantische
Rosemary konnte tanzen
Rosie tat es
Rot blinkende Drachten
Rote Finger zeigen
Rote Monde wandern
Rote Mondschuhe auf
Roten Staubes roch
Rote Planeten bestanden
Rote Rakete schoss
Rote Riesen planeten
Roter Planet wollte
Rote Zivilisation funkelte
Rotierende Augen glänzen
RoverBeimRasen
Rover flitzte
Rover kennengelernt hat
Rüber fliegt „
Rübergab der kleine
Rüber stoßen über
Rübe Stipafliegenden
Rückkehr zu der
Ruckzuck cUploadeten die
Rudelpunkte schWenn das
Ruft laut der
Ruhrt Mond zieht
Rummelkonzept Vegjaulder
Rund um den
Rundum sauste irrlichend
Rund umtrieb der
Rutenlauf pluto lassen
SACHA ANTRITTBLUNTER AMPHIF
Sah Untiefen neue
Samales Landungen ohne
Samiona schwang sich
Sanddünen trotzen
Sandig-körniger
Sanft leuchtete das
Satellitenbesteungs Abenteuer
Saugen wellige Planet
SCHAFELFED REBELZ
Schall auf meteors
Schalter flusst Gasen
Schatten ergriff den
Schattenhafte gerieten ins
Schau dir mal
Schau dort!
Schau mal in
Scheinwerfer an euer
Schieß ein Sternenschiff
Schiff war verlassen
Schimmernde Kometen fließen
Schimmernde Monde sehend
Schimmernde Mondwolken kommen
Schimmernde Planetoidenwelt
Schimmernder Mond
Schimmernder Mondschein.
Schimmernder Stern rosenrot
Schimmernde Sterne getragen
Schimmernde Sternenstaub
Schimmernde Sternenstaub regnete
Schimmernde Sterne zwinkerten
Schimmernde Wale
Schimmernd im Orion
Schimmerte das
Schimmerte der Mondflug
Schimmerte Sternenkindheit
Schimmung am Sternbestand
Schìwa die Sterne
Schlafende Galaxie erwach
Schlafend zwischen
Schlafend zwischen den
Schlaflos träumte der
Schläft Wächter plötzlich
Schlagartig leuchtete eine
Schlägt auf die
Schleimige Monster
Schleuderräder rotierte durch
Schließlich finster Straße
Schlummende Sterne
Schlußetztlich hinter dem
Schmetterlingsmaskottchen für
Schnallten die Gurt
Schnalzt und Zischt
Schnee auch zwischen
Schneeflöcken fliehende Zeit
Schneeflocken tanzen
Schnelle Aliens landeten
Schnelle Raumkapseln
Schnelle Raumschiffe
Schneller Sternenstaub und
Schnell fliegende der
Schnell flirren
Schnitzel jagte
Schnuller am Kontrollraumtisch
Schon länger hat
Schon läuft das
Schon oft gesucht
Schräge Rakete
Schreiend fremdartige Tiere
Schreine im Stöberklimmenden
Schreitende Gnome durch
Schwarze Dunkelheit floss
Schwarzes Loch blickte
Schwarze Stern Kalifornien
Schwarz-Hundee
Schweben auf dem
Schwebende Alienkleistern
Schwebende Astronauten
Schwebende die
Schwebende Monde tauchten
Schwebendes Mondlumpen
Schwebende Sterne funkeln
Schwebend im Nebel
Schweben über Plasmat
Schweben wie Ölflecken
Schweben zwei Planne
Schwebte das Raumschiff
Schwebt ein guter
Schweigend schimmerte der
Schweigen war Cäsarenmond
Schweigt winzige Sterne
Schwere gaben vergehen
Schwimmende Roboter träumen
“Scientist wanted
Scone linke Finger
Scratch door hung
Sechs Freunde Erde
Sechshundert Meter hoch
Sechs kleine Astronauten
Sechs kleine Monde
Secret path found
Seek Mars crystals
Seele interstellaren Staubs
Sehnsüchtiges Licht
Sehnsüchtig zum Start
Sehr fern fern
Sehr freundlich die
Seide und der
Seine besten Freunde
Seine Sternenschiffe tanzten
Seitdem der Riese
Seit Jahrhunderten
Seit Jahrtausenden flogen
Seitlich seines
Sei träumt von
seits der
Seit undenklichen Zeiten
Seltsame Galaxie
Seltsame Galaxie eintrifft
Seltsame geheimnisvoll flogen
Seltsame kleine Planeten
Seltsame Monde grauleuchten
Seltsame Monde tauchten
Seltsame Planeten in
Seltsamerweise schwebte ein
Seltsame Wesen zogen
Ses Themafort Raumflugzeug
Sex Weltraumwashbär
Ship door opens
Shoot off with
Sicher verborgen der
Sicher war es
Sichtbare Galaxie erkundet
Sieben Farben
Sieben Planetenstaat
Sie hatten sich
Silberne Galaxien leuchten
Silbernes Licht bezauberte
Silberne Sterne tanzen
Silberne Strahlen durch
Silbern funkelnde Sterne
Silbern glänzende Asteroiden
Silbern leuchtende Mondra
Silbern vaccine Leuchten
Silbersterne wispern
Silbrige Meteoritensteine
Silbrigen Stellegatemooncheeks
Silbrig schimmernde-
Sirocs Weltraumadorator
Skyla verfolgt bereit
Smile tief im
So begann die
So etwas wie
So geklettert zwischen
sollen wir morgen
Sonnenstrahlen Chlorlanken
So rasen Meteoriten
So sah man
Spaghetti am Spaghetta
Spannend war mein
Spat Consola
Später mindestens
Spätestens im Orion
Späteste übermorgen
Spaziert ein kleiner
Spezielle Schwarze Löcher
Sphereantiger Ball schien
SPINAT ERKLÄT Träumt
Spinnt der Planetlei
Spitze Laserstrahlen
Spur, der
Ständig fragte die
Ständig träumte der
Starke kleine Runday
Starke Lebewesen lebten
Stärkstem der
Starnen ist ein
Starsaurieraus Flug
Starschat mit ein
Starship Piraten Glieder
Starspektakel, Meine
Staubbeseelte Planeten
Stauben von Planetoid
Staubig und glitzernd
Staubkornesternflüstern
Staub verschwimmende
Staunen Fische im
Steckt gefangen im
Steif sicher mit
Steigt Baum von
Steigt die Sonne
Steinquid Ahmet absurd
Stella bemerkte
Stella flog hinaus
Stellar und Vivien
Stell dir vor
Stelle dir vor
Stellenweise gibt'
Sternaterische Blautztoste
Stern durchs
Sterne blinkten wunderbar
Sterne fielen auf
Sterne funkeln
Sterne funkelten
Sterne funkelten laut
Sterne glitzerten im
Sterne kullern durch
Sterne leuchteten munter
Sternenabenteuerst aus
Sternen entschlüpfte das
Sternenflüsterer Kuriere Schafting
Sternenglanz tanzte im
Sternenkugel flüchtig
Sternenmeers kicherte laut
Sternenrates Markus
Sternenschimmer zuckten
Sternenstaub auf dem
Sternenstaub flirrte,
Sternenstaub im Nacken
Sternenstaub legt sich
Sternenstaub tanzt
Sternenstaub tanzten im
Sternenstaub tanzte umher
Sternenstaub verwandelte
Sternenstaub von
Sternenwind  rauscht
Sternenwüsten Sonne
Sterne plötzlich singen
Sterne schimmerten so
Sterne tanzten Klänge
Sterne treffen vor
Sterne werden
Sterne zirpten leise
Sterne zwinkern fast
Sternglitzer legten Usuladetlichel
SternHeimt Gonchaki
Sternschnuppenspuren tanzen
Sternschnuppen zauben
Still auf
Stille erfüllt die
Stille im
Stille in den
Stille Lichtpunkte tanzen
Stille Nacht im
Stille senkte sich
Stille Sterne lieben
Stille, weil
Still, im
Still unter großen
Stimmt das wirklich
Stimmt etwas
Strahlen fest Sticksticks
Strahlen kreisten um
Strahlen Mondschein
Strahlsaugmonster sprang
Strahlt in einem
Strahlungen F3 sicher
Strapaziöses Abenteuer begann
Streng geheim war
Streng Unbezahlte Sonnenauge
Streptolen schlummerten leise
Struah öde Denen
Strudelnder Sonnenstrahlen
Sturmrote Sterne zaubern
Such Dopelnase auf
Summt leuchtend der
Supergalaktische Abenteuer
Superhelden im All
Supernova aufw soutenirten
Supernova-Baal
Supernova Fu immer
Surprise! Außerirdische
Suspirium aus
Syngolen sternchen kicherten
Tafeln unserer Vorfahren
Taktiert ein sprechender
Tal der Astronauten
Tandemwellen auf
Tanja und der
Tanu fliegte
Tanzen begann
Tanzende Asteroiden kreisen
Tanzende Combine
Tanzende Exoplaneten
Tanzende Planeten
Tanzende Planeten schwingen
Tanzende Rakete
Tanzende Riesenplaneten
Tanzender Stern nachts
Tanzende Sternenpunkte
Tanzende Sternschnuppe.
Tanzende Sternschnuppen
Tanzend unterm
Tanzen Tiere unter
Tanzten sternen wünschen
Tanz worden Himmelsgeist
Tapfer stieß kleine
Tatsächlich leuchteten
Taumelnd durch den
Teleportierende Mörtelpilze
Tel zmesiv
Tenige stehen wirrste
Termiten wandern
The alien met
Themweltraum sah etwas
Theta sieben erlebte
Tic Tac Planet
Tief auf
Tiefe Dunkelheit blühte
Tiefe Ozeane schimmerten
Tiefe Rätsel verbergen
Tiefer im Weltraumgeschehen
Tiefe Sternenschatten flüsterten
Tieffliegende Parsnips
Tief im
Tief im All
Tief im Dunkel
Tief im Inneren
Tief im Kosmos
Tief im Nebel
Tief im Sternenmeer
Tief im südlichen
Tief im Universum
Tief im Weltraum
Tief im宇宙的 kleinen
Tiefraumspinner zerdrückten
Tiefschwarz grünschattenartig
Tief unter dem
Tief unter demCommit
Tief unter einge
Tiere im Weltall
Timmy Actionscooter
Timmy und Timmi
Tinguana wird unter
tiu platainen Asteroiden
Tokenizer Operar
TÖRNELOTSK DONNERBLITZ
transplanted into
Transport käse wie
Transvelohesoars schwebten leise
Trauernd beobachtete man
Träumend durch
Träumend küßte Pirat
Träumen kann man
Traumhafte Galaxie-
Traumhafte Kreaturen im
Traumlandschaft: Riesige
Traumsohne Glückssternzauber
Träumte der kleine
Träumte ein
Träumt ihr von
Traumwertige Lucille beim
Traurig, als
Traurige Gedanken des
Trauriger Aliens
Traute Kühle mystagogisch
Trillionen Scheinwerfer im
TROPIZEN beweist
Trotz des Steins
Trotz fliegender Ungeheuer
tschbipp Wachgeküsst
Turmbauendur zieht den
Turteltäubchen bilokal
Über allen Welten
Überall funkelten ein
Überall gab es
Überall glühten
Überall Kinder flogen
Überall kreuzend die
Überall waren glänzenden
Über Berge aus
Über deiner
Über dem
Über dem All
Über dem Asteroiden
Über dem Astronautsaft
Über dem blauen
Über dem euphorischen
Über dem funkelnden
Über dem Horizont
Über dem Kometen
Über dem Kometenschlaf
Über dem kosmischen
Über dem Kristallmond
Über dem Mond
Über dem Nebel
Über dem Planeten
Über dem schwarzen
Über dem Sie
Über dem silbrigen
Über dem Stern
Über dem Sternenmeer
Über dem Sternenschiff
Über dem Uni
Über dem w
Über den
Über den Asteroiden
Über den Berg
Über den Erinnerungen
Über den fliegenden
Über den galakties
Über den galaktischen
Über den Galaxien
Über den ganzen
Über den Gründs
Über den Horizont
Über den Jupiter
Über den komischen
Über den Körnigen
Über den Landeluf
Über den Mars
Über den Marsensiedlern
Über den Milchstraße
Über den Mond
Über den Nebeln
Über den Nebelwege
Über den Ozean
Über den Planeten
Über den Rand
Über den rosa
Über den Saturn
Über den staubigen
Über den Stern
Über den Sternen
Über den sternenpfefferk
Über den tiefen
Über den unendlich
Über den Wolken
Über denファイアフォレイDetection
Über der Erde
Über der fremden
Über der Rakete
Über der Sternschnuppenbrücke
Über der Troposphäre
Über die
Über die Himmelsbrücke
Über die magnetischen
Über die Monde
Über die Sterne
Über die Wüste
Über einem Galaxienkater
Über eine Mondlandschaft
Über einem Planeten
Über einem unbekannten
Über einem Wüstenplaneten
Über einen Amboss
Über entlegene Planeten
Über funkelnden Kometenschweifen
Über glitzernde Planeten
Überirdisch funkelnd schimmern
Übermachen wiederholten sich
Übermelderisch es die
Überraschend erschien
Überraschend erschien eine
Überraschend fand der
Überraschend fliegten alle
Überraschend flog
Überraschend flog der
Überraschend funkelte die
Überraschend glitzerte der
Überraschend in den
Überraschend in der
Überraschend schwebte
Überraschend sprang aus
Überraschend tauchten die
Überraschend wackelte den
Überraschend weit oben
Über Rasend которые
Über tausend
Über unendliche Echos
Über weite Galaxien
Überwunden alle Grenzen
Über zwinkerte der
Ueberraschend kleine Asteroiden
UFOs im Kindergarten
Uk Wolken Schritte
Ultraschnell vorsichtige Raumfahrer
Um den Mond
Um die
Um ein Sternenschiff
Um geheimnisvolle Kometen
Umhüllt von fernen
Um Mitternacht
Um tief im
Unbeherrscht zwischen den
Unbekannte Abenteuer
Unbekannte Astronomie Entdeckungen
Unbekannte Galaxien
Unbekannte Galaxien auf
Unbekannte Galaxien existierten
Unbekannte Gestalten
Unbekannte Monde tanzten
Unbekannte Monster flogen
Unbekannte Planeten funkelten
Unbekannte Rakete schnellte
Unbekannte Sterne Lehrer
Unbekannte Welten voller
Unbekannte Welten warteten
Unbemannte Raumfahrzeuge tauchten
Und dann die
Und dann sah
Und doch lacht
Und eines Tages
Under alien Stars
Under den marsischen
Underwater alien depths
Und heiß sie
Und leuchtende Kamera
Und plötzliche Sterne
Und plötzlich schwebte
Und plötz sie
Und Spuren
Und tief im
Undurchsichtige Meteore
Und was träumst
Und weiss du
Unerwartet auftauchend
Unerwartet blieb auf
Unerwartet, der
Unerwartet explodierte der
Unerwartet fiel
Unerwartet freundliche
Unerwartet leuchtend,
Unerwartet schwarz
Unfaimiliar Planeten Verschlusssystem
Unfassbare Monster Eltern
Ungeahnt im Ostbrause
Ungeduldige steinharten Steinofengeräte
Ungeduldig flog der
Ungefährden Sterne blinkten
Ungefähr einer Brushavys
Ungegen dass duwirst
Ungesehene Konstrumatologen malen
Ungespannt fliegt durch
Ungewöhnliche Farbe Chillen
Ungewöhnliche Farben leuch
Ungewöhnlich glänzt das
Unglaublich gern beobachteten
Unglaublich riesenertau
Unheimlich rasend
Unheimlich strahlend stand
Universum schwang zu
Uns bekannte Zwergsterne
Unsere Helden flogen
Unsere Rakete durchquerte
Unsere Rakete hält
Unser Piratenschiff schießt
Unsichtbare Außerirdische
Unsichtbare Finger tasteten
Unsichtbare Halbmonde gab
Unsichtbare Monde
Unsichtbare Planeten natives
Unsichtbarer Weltraum Baum
Unsichtbare Weltraum
Unsichtbare Wünsche reisten
Uns verrätselte Weltraum
Unten die Monde
Unten im
Unten im blauen
Unten im Kaninchenloch
Unter Astronauten Batterie
Unter außerirdischen Umständen
Unter Blinkenden Planeten
Unter bunten Sternen
Unter Delfinanthropen wohnen
Unter dem
Unter dem blaue
Unter dem blinkenden
Unter dem Blitz
Unter dem bunten
Unter dem dunklen
Unter dem endlosen
Unter dem Fachwürden
Unter dem funkelnden
Unter dem Glitzern
Unter dem grünen
Unter dem Heidi
Unter dem Höhem
Unter dem Jupiter
Unter dem kosmischen
Unter dem leuchtenden
Unter dem Mars
Unter dem Meteor
Unter dem Meteoriten
Unter dem Meteortransparent
Unter dem Mond
Unter dem Monde
Unter dem Mondlicht
Unter demmondlicht tanzt
Unter dem Nebel
Unter dem nebligen
Unter dem Neon
Unter dem Planet
Unter dem planetarischen
Unter dem rätselhaften
Unter dem riesigen
Unter dem Schwerkraftbett
Unter dem silbern
Unter dem silbrigen
Unter dem Sternen
Unter dem Sternenhimmel
Unter dem Sternenmeer
Unter dem Vortex
Unter den
Unter den feinen
Unter den funkelnden
Unter den Galaxien
Unter den Gasriesen
Unter den hynauen
Unter den Kometen
Unter den Kristallmonden
Unter den lachenden
Unter den leuchtenden
Unter den Milchstraßensauger
Unter den Nebeln
Unter den neuen
Unter den Planeten
Unter den Planetenstaben
Unter den silbrigen
Unter den sterne
Unter den Sterne
Unter den Sternen
Unter den Sternenseglern
Unter den Stiefeln
Unter den unendlich
Unter den vielen
Unter den Wolken
Unter der
Unter, der
Unter der fernen
Unter der Flammen
Unter der grünen
Unter der Luk
Unter der Menschheit
Unter der Meteoriten
Unter der Mondebene
Unter der Mondoberfläche
Unter der raumstation
Unter der Sternen
Unter der Sternenkuppel
Unterdick staunte
Unter einem
Unter einem blauen
Unter einem diamanthellen
Unter einem Felskörper
Unter einem fremden
Unter einem lila
Unter einem Mond
Unter einem Mondstrahl
Unter einem Stern
Unter einer fremden
Unter einer Milchstraße
Unter fernen Sternen
Unter finsterem Sternenhimmel
Unter fremdem Himmel
Unter fremdem Himmelsgrau
Unter fremdem Sternenstaub
Unter fremden Himmeln
Unter fremden Monden
Unter fremden Planeten
Unter fremden Sternen
Unter fremdenvisible Sternen
Unter funkelnden Sternschnuppen
Unter geheimnisvollen Wolken
Unter hastigen Schritten
Unteriorischen Kinder einem
Unterirdische Monde glühen
Unter Leidenschaft
Unter leisem Flüstern
Unter mehreren Planeten
Unterm Mond taucht
Unterm Sternenregel
Unter neuen Planen
Unternnoùfächeln Gefangene
Unter Planet Nr
Unter Plattformen Feuer
Unter Sternen
Unter Sternen,
Unter Sternen flirtet
Unter Sternen löffeln
Unter Sternenstaub einen
Unter sternen Strahlen
Unter Sternmädchen
Untersuchen können wir
Unter unbekannten Monden
Unter unmöglichen Sternen
Unter vielen Planeten
Unter Wasser befinden
Unterwegs war das
Unterwegs zu einem
Untiefen des Galactus
Unusual shining lights
Unvergesslich zauberwarts
Unvermutet plötzlich dröhnte
Unversehens erschien ein
Unversehens Starhüpfer entdeckt
Unvorhergesehen landete
Unvorstellbare Kreaturen in
Unweit der Planeten
Uralte Gesänge flüsterten
Uralte Ruinen,
Urglaubliche Entdeckungen
Urplötzlich klingelte der
Vanill pousse ins
Verborgene Erde%
Verborgene Galaxien
Verborgene Geheimnis von
Verborgenes Geheimnis auf
Verborgene Sterne
Verborgen Kreuzten Sternen
Verborgen zwischen den
Vereinzelte Sterne verloren
Verfall des Weltraum
Vergessene lämmer Rückkehr
Vergessene Tropfen von
Verirrte Raumfahrzeuge entdeckte
Verirrt in den
Verlorene Astronauten flüchten
Verlorene Raumfahrt
Verlorene Raumstücke flogen
Verlorener Meteorpferd fand
Verlorenes Licht erwachte
Verlorene Sternenbuhnen
Verlorene Tränen im
Verlorene Welten entdecken
Verloren im Universum
Verloren tanzten Gespenster
Vermutlich schlief Leidenschaft
VERRAUSCHT FlIEGEN STORMPORT
Verrückte Roboter tanzen
Verrückt wie der
Verschwommen sah man
Verschwundener Asteroid
Verseuchte Galaxis mit
Versteckt auf der
Versteckte Geheimnisplaneten
Versteckte Monde schwingen
Versteckter Asteroid
Versteckte UFOs verboten
Versteckte Welten verbargen
Versunken in tiefen
Verträumte sich kleiner
Verträumte Sternentraume
Verwundern sich im
Verwundert entdeckte
Verwunschene Monde wogten
Verwunschene Schatten
Verzweifelte Planetenranger eilten
Viceregend ein Rock
Viele Galaxy-
Viele Lichtjahre entfernt
Viele Millionen
Vielfinderin Hope
Vielleicht ist der
Vier kleine Astronauten
Vier kleine Planeten
Vier kleine Raumchilden
Vier kleine Raumkriegsmusiker
Vier leuchtende
Vier schimmernde Monde
Vierundvierzig Millionen
Vier Welten verschmolzen
Visceral space without
Visionen von zwinkernden
Vögel schossen aus
Volk der Kristalle
Voller Begeisterung
Voller Staunen betrat
voll farbenfroher Planeten
Völlig unbekannte Miniliester
Völlig verloren im
Voltar zog seine
Vom fernen Galileo
Vom Planeten Zuckerfisch
Vom Rande des
Von den Galaxientüten
Von den Sternen
Von der blauen
Von der Erde
Von der Gesteinмый
Von der komischen
Von der Welt
Von fremden Planeten
Von innen
Von Kristall rastert
Von Lichtschnellen-
Von Planet zu
Von tief im
Vorbei am lenjштина
Vor dem Flugschiff
Vor dem Kraken
Vor dem Start
Vor dem Sternenfenstern
Vor dem Weltraum
Vor dem zu
Vor den Augen
Vor den Dünen
Vor den kometen
Vor der letzten
Vor einer Million
Vor langer,
Vor langer langer
Vor langer Zeit
Vor Millionen Jahren
Vor silbrigen Galaxien
Vor vielen
Vor vielen Jahren
Vor vielen Lichtjahren
Vor vielen Millionen
Vor zwei Runden
Vrooom – Raketen
Wache düşünkelt über
Wackelige Rahngesteine
Wackelnde Baumhäuser führten
Wackelst du dich
Wacklig, ein
Wacklige Weltraumbalken
Wahnsinnig durch die
Wahnsinns Rakete
Während der abgebrochene
Während der grünen
Während der hellen
Während der Milchstraße
Während der Rasante
Während der Raumspringer
Während des Dunkelens
Während des Galaktischen
Während des Glühn
Während des Magischen
Während des Sternefluges
Während des Sternenbogen
Während des Sternenjest
Während des Teleskopschild
Während die
Während die Galaxien
Während die Meteoriten
Während die Planetaster
Während die Planeten
Während die Rakete
Während die Raumkapsel
Während die Released
Während die Sterne
Während die Sternen
Während Dr.
Während einer rätselhaften
Während eines Meteoritenschauers
Während ein Komet
Während jeder Sternenwanderung
Während Mondlicht sprach
Während Raumschiffe blinkten
Während sie
Während Sternenstaub glänzte
Während Sternschnuppen zischten
Während wir schliefen
Während Wundersterne erglühten
Wahrheit -der
Wahrscheinlich besteht bernsteinerd
Walli lächelte und
Walzen pauselten in
Wandelte die Melodie
Wanderfreunder Magmachal der
Wandern kleine welche
Wandert auf Mittsommer
Wann das blaue
Wann planetarisch
Wann und wenn
Wäre die Sonne
Wärend die Sterne
Wären die Welt
Wärend Milchstraßen flüsterten
Warlaub der Stern
Warmes Mondlicht
Warum fallen wonungs
Warum leuchtete Pluto
Was da groß
Was der Nepton
Was hat ada
Was nicht auf
Was sagst du
Wasser, das
Wasserfarben regunsten
Wasser floss auf
Wasser spiegelten die
Wasser war gespenstisch
Was wenn die
Weave aus dem
Weckt aus Schrott
Weckt das hohen
Wegen
Wegen der großen
Wegweiser Kristall im
Weicher Puls der
Weiches Mondlicht l
Weiche Sterne tanzten
Weich leuchteten
Weil der kleine
Weil der Mond
Weil der Planet
Weil der Sternentraktor
Weil die Erde
Weil die Meteorite
Weil die Rakete
Weil die Sterne
Weil Galaxien h
Weil kerben galaktische
Weil Kometen dürfte
Weil plötzlich die
Weil Raum wie
Weil Sibylle den
Weinend im Kosmos
Weinroten Sterns,
Weise, obwohl
Weise Planeten Zeichner
Weiße Galaxis
Weiße Ringe leuchteten
Weißer Morgen im
Weißer Stern tesseliert
Weiße Schwäne fliegen
Weiße Tarnung Hilf
Weiße Wolken jagen
Weiß im Autositz
Weißlich Strahlendes
Weißt du was
Weiß, wie
Weit außerhalb der
Weit draußen im
Weit drüben im
Weit drüber Mond
Weite großartig stumm
Weit entfernt am
Weiter als
Weiter als die
Weite Sterne glitzern
Weit im Kosmos
Weit über,
Weit und besonderer
Weit weg
Welche Farbe hat
Welche Geheimnisse bergen
Welche Ideen flüstern
Welch ein Wunder
Welche Magie treibt
Welche Milchstraßen schimmern
Welche Sternenreisen
Welche Verbindung verbirgt
Wellen aus dem
Welpen in Weltraum
Welpensturm im
Welten aus Lava
Weltenböcke durchquert
Welten, die
Welten fanden sich
Welten jenseits der
Weltenraumsoldat, Marco
Welten unsichtbare
Welten zwischen den
Weltoffene Kollber viel
Weltraumdenim am
Weltraumelevater entstand
Weltraum macht Pluto
Weltraum Monster auf
Weltraum-Schildkröten
Weltreise auflösen und
Weltrekord überwarf den
Wenn Aliens flüstern
Wenn Aliens singen
Wenn Aliens tanzen
Wenn astronole
Wenn Blitze tanzten
Wenn danach ein
Wenn das Kristall
Wenn das nebelstrahlte
Wenn das Raumschiff
Wenn das Schiff
Wenn das Weltall
Wenn deine Planetenprobe
Wenn der
Wenn der blaue
Wenn der ferne
Wenn der Komet
Wenn der Kommet
Wenn der Mond
Wenn derMond
Wenn der Mondkind
Wenn der MondŸversteckte
Wenn der Planet
Wenn der Riese
Wenn der söma
Wenn der Staub
Wenn der Wind
Wenn dich
Wenn die
Wenn die.
Wenn die Aliens
Wenn die Galaxie
Wenn die Galaxien
Wenn die Galaxis
Wenn die kleinen
Wenn die Menschen
Wenn die Meteoriten
Wenn die Monde
Wenn die Mondtöne
Wenn die Monduhr
Wenn die Nacht
Wenn die Planeten
Wenn die Rakete
Wenn die Raumschiffe
Wenn die Sonden
Wenn die Sonne
Wenn die Stern
wenn die Sterne
Wenn die Sterne
Wenn die Sternenkind
Wenn die Sternenschüsse
Wenn die Sternenstaub
Wenn die Sternschnuppe
Wenn die Sternschnuppen
Wenn du die
Wenn du in
Wenn du mal
Wenn du nachts
Wenn ein Komet
Wenn ein lila
Wenn ein Stern
Wenn Erdbeeren tanzen
Wenn farbenfrohe Weltraumstationen
Wenn farbige Nebel
Wenn Funken glitzern
Wenn Galaterina erwacht
Wenn gehör für
Wenn jemand den
Wenn kleine
Wenn kleine Aliens
Wenn kleine Tiger
Wenn klingelte das
Wenn Kometenblumen blühen
Wenn Kometen sich
Wenn Königswelpen fliegen
Wenn lustige Meteoriten
Wenn Photonen bieten
Wenn Planeten flüsterten
Wenn Planeten interessant
Wenn Planeten lächeln
Wenn Planeten laut
Wenn Planetennörgeleins sprechen
Wenn Planeten tanzen
Wenn Planeten träumen
Wenn Planeten zusammenkrachten
Wenn Raphael von
Wenn Raumschiffe tanzen
Wenn Riesen
Wenn Riesenpflanze taucht
Wenn Roboter aufwachen
Wenn Rosalinda den
Wenn sich der
Wenn Sterne
Wenn Sterne blinzeln
Wenn Sterne fallen
Wenn Sterne guarten
Wenn Sterne lachen
Wenn Sterne leise
Wenn Sternenstaub erfüllt
Wenn Sterne schlafen
Wenn Sterne sprechen
Wenn Sterne tanzen
Wenn Sternschnuppen fallen
Wenn weit entfernt
Wenn Weltraumquallen tanzten
Wenn Wolkenkratzer tanzen
Wenn zwischen zwei
Werfen leise schimmerende
Wer hätte es
Wesen mit einem
Wesen vom Planeten
Wetten Sterntaler tragen
While in zero
Whilst a spaceship
Wichtels Sternenhatz beginnt
Wie Admmate telefonieren
Wie auf einem
Wie aus dem
Wie aus Raum
Wie das erklärte
Wie den Sternenkindern
Wieder die kleine
Wie der erste
Wiederherstellen einer,
Wiederholen Fideles Rakete
Wie einem Stern
Wie eine Schallergie
Wie ein Hlms
Wie ein zu
Wie Gravitationspflaume gehöht
Wie pluton Russische
Wie säe einen
Wie schön
Wie schwerelos schwebend
Wie Sonden,
Wigglestumpf Konstantinina tand
Wilde Aliens auf
Wilde Außerirdische sprangen
Wilde Raumschiffe fliegen
Wilde Raumvälüise stürmten
Wildes Alien
Wilde Sternen rotating
Wilde Sterne tanzen
Wilde Sternfleck
Wild zischten sie
Willkommen bei den
Willst du den
Wimmelig klingelnde Diaspora
Winde im Weltraumbusen
Winziger Meteor
Winziger verwunderte
Winzige Stardust Sterne
Winzig komische einen
Wirbelelli eroberte
Wirbelgalaxien greifbar,
Wirbelnd durch den
Wirbelnde Galaxien funkelten
Wirbelnde Galaxiesbeben mit
Wirbelnde Planeten
Wirbelsturm gleitet weiter
Wirbelte der Staub
Wir flogen über
Wirkan Graponen fanden
Wirklich lustige Außerirdische
Wirklich weit entfernte
Wissenschaftler rabakantiquer versuchten
Wissenschaftliche Werke sahen
Wo blüht ein
Wodat gibt es
Wo der Komet
Wo der Mond
Wo der Mondschatten
Wo die
Wo die Froströschen
Wo die Geheimnisse
Wo die laufenden
Wo die Physik
Wo die Planeten
Wo die Sterne
Wo die Sternschnuppen
Wo ein asternenfant
Wo flüstert der
Wo Galaxie einst
Wo gibts die
Wo ging ein
Woher er eigentlich
Woher kam
Woher kam der
Woher kam diesen
Woher kamen die
Woher  kommt das
Woher kommt das
Woher kommt der
Woher stießen Glühwürmchen
Wohin auch luftig
Wohin flüstert
Wohin führt der
Wohnt ein kleiner
Wo Kinder traumten
Wo liegt der
Wolkenklappernd drei Monde
Wollte ein Asteroid
Wo noch nie
Wo oder Wohin
Wo Riesen leiere
Wo Roboter tankend
Wortlose Planeten fingen
Wo sich die
Wo sind die
Wo Sternenstaub funkelt
Wo träumen Raketen
Wo wäre ein
Wo Wolkenrauch wird
Wuld zuhörtern die
Wunderbares fand der
Wunderbare Sterne raushten
Wunderbar war
Wunderfische trollen
Wunderliche Kometen rein
Wunderliches am felsigen
Wunderlich flüsternde Blätter
Wunderlich, so
Wunderlich verzaubert über
Wundermassen zappelten
Wundern abforschungs Gerät
Wundersame Geräusche aus
Wundersame Welt im
Wundervolle Sterne tanzten
Wundervoll saßen drei
Wurden alle erwachen
Wurzeln, braune
Wurzel und Stern
Wusste nicht wie
Wussten Sie wirklich
Wusstest du,
Wusstet ihr schon
Wüste des Mars
Wusuche liebevoll
Wyverlernen ein sagenhftier
Youho, eine
Young Captain Foley
Zackig schoss an
Zarte Ali und
Zart funkelte
Zauberer und Planet
Zaubere
Zauberfarben leuchteten
Zauberhafte Aliens
Zauberhafte Aliens sprechen
Zauberhafte Kapseln
Zauberhafte Kometen leuchteten
Zauberhafte Nebel tanzten
Zauberhafte Planeten nahmen
Zauberhafte Raketen fliegen
Zauberhafte Raum april
Zauberhafte Reise auf
Zauberhafteres im Universum
Zauberhafter Planeten
Zauberhafter Sternenstaub
Zauberhafte Schattenbälle
Zauberhaftes Wagnis glitt
Zaubermond leuchtet geheimnisvoll
Zauberte Planck Konstante
Zehn kleine Außerirdische
Zehn Lichtjahre entfernt
Zehntausend Galaxien
Zeig mir dein
Zeigt das
Zeitloser Sternenlift
Zeitlos zwischen Planeten
Zeit ohne Zeit
Zeitreisende entdeckten
Ziffernzahl Omas Stern
Zinkkuche Wiegen
Zischenden Raketentriebwerken
Zischend startete das
Zischend startete er
Zischen kleine Schritte
Zitronensaft schoss vor
Zombies wandern in
Zottige
Zu Boden stürzen
Zuckerwatteozean am
Zu den Sternen
Zuerst das Mondgesicht
Zufällig trafen sich
Zu Hause
Zum ersten Mal
Zum Leuchten kürten
Zum Planetenüberflug lud
Zur gleichen Zeit
Zusammen fliegen wir
Zusammen kleine Aliens
Zusammen mit meinen
Zusammen suchten sie
Zusammnen mit den
Zwanzig Lichtjahre lag
Zwanzig Mondrochen zogen
Zwei Abenteurer in
Zwei Abenteurer Rätsel
Zwei Aliens fliegen
Zwei alte Träumen
Zwei Augen funkelten
Zwei Außerirdische hoben
Zwei brillante Sterne
Zwei kleine
Zwei kleine Astronauten
Zwei kleine Hände
Zwei kleine Heldenträger
Zwei kleine Sterne
Zwei kleine Zwerge
Zweimal krachte hellfunkelnd
Zwei Marsianer bauen
Zwei Monde
Zwei Monde funkelten
Zwei Monde schimmerten
Zwei Monde tanzen
Zwei neugierige Sternenbilder
Zwei Planeten kämpften
Zwei Planeten machten
Zwei Riesenroboter
Zwei Roboter aber
Zwei Sphären funkelten
Zwei Sternenkinder lachen
Zwei Sternenpilze sitzen
Zwerghandemanufakte in Komascheiden
Zwergplaneten tanzen drehen
Zwergplanet genau
Zwergplanet Zephyrta
Zwillingsleinwand der
Zwinkernde Planeten tauchen
Zwinkernder Mondstrahl wachte
Zwinkerte lustig die
Zwinkerten die funkelnden
Zwinkerzaubernde Xylanen wuseln
Zwischen
Zwischen allen Galaxien
Zwischen Asterioden und
Zwischen Ätherperlen tanzte
Zwischen atmen und
Zwischen blauen Sternen
Zwischen dem Meteor
zwischen den
Zwischen den
Zwischen den.
Zwischen den Astro
Zwischen den blinkenden
Zwischen den bunten
Zwischen den Felsen
Zwischen den funkelnden
Zwischen den galaktischen
zwischen den Galaxien
Zwischen den Galaxien
Zwischen den interlocking
Zwischen den interstellaren
Zwischen den Kometen
Zwischen den Kometenschwänzen
Zwischen den Kometenschweifen
Zwischen den leuchtenden
Zwischen den Mondcrumen
Zwischen den Monden
Zwischen den Mosaik
Zwischen den Nabellinien
Zwischen den Nebeln
Zwischen den planeten
Zwischen den Planeten
Zwischen den Planetermond
Zwischen den Ringen
Zwischen den Schatten
Zwischen den Sputniks
Zwischen den Sterne
Zwischen den Sternen
Zwischen den Sternenkarten
Zwischen den Sternennebel
Zwischen den Sternenpunk
Zwischen den Sternenschüttelnden
Zwischen den Sternschnuppen
Zwischen den Tausend
Zwischen den Welten
Zwischen den Wünschen
Zwischen den Wüstenkometen
Zwischen der Sterne
Zwischendrin im Schriftdiscount
Zwischen fliegenden Sternschnuppen
Zwischen funkelnden Sterne
Zwischen funkelnden Sternen
Zwischen Galaxien
Zwischen Galaxien der
Zwischen Galaxien fliegen
Zwischen Galaxien kam
Zwischen glitzernden Planeten
Zwischen irregalitäre Pulser
Zwischen kriechenden Sternenschiffen
Zwischen Kugranoxa und
Zwischen Leuchtenden Lichtern
Zwischen Mars und
Zwischen Planeten mundo
Zwischen schwarzen Lochschnecken
Zwischen Sonnenstrahlen tanzten
Zwischenstauben verirrte sich
Zwischen Sternen balanciert
Zwischen Sternen begann
Zwischen sternen glimmerten
Zwischen Sternenlicht
Zwischen Sternen rätselhafte
Zwischen Sternen schwebte
Zwischen Sternenstaub und
Zwischen Sternen tanzte
Zwischen Sternenwinden wanderte
Zwischen Sternen  wirst
Zwischen uferlosen
Zwischen unsichtbaren
Zwischen unzähligen Planeten
Zwischen vielen sonderbare
Zwischen weit entfernten
Zwischen Welten
Zwischen Welt und
Zwischen wetterrobusten Meteoorbits
Zwischen wirbelnden Sternen
Zwischen wützenden
Zwischen zwei Galaxien
Zwischen zwei Planeten
Zwitschern im Meteorch
Zwolderling fifflog die
Zwölf funkelnde Planeten
Zwölf kleine Außer